subject_id,filename,malicious,gold_std,z_no_trust,z_trust,z_no_answer,z_total_people
52837250.0,hp86.jpg,True,False,13,3,0,16
52837251.0,hp87.jpg,True,False,12,3,0,15
52837253.0,hp88.jpg,True,False,12,3,0,15
52837254.0,hp89.jpg,True,False,1,13,1,14
52837255.0,hp90.jpg,True,False,12,2,1,14
52837257.0,hp91.jpg,True,False,12,2,1,14
52837258.0,hp92.jpg,True,False,13,1,1,14
52837259.0,hp93.jpg,True,False,7,8,0,15
52837261.0,hp94.jpg,True,False,5,9,1,14
52837262.0,hp95.jpg,True,False,12,2,1,14
52837263.0,hp96.jpg,True,False,2,11,2,13
52837265.0,hp97.jpg,True,False,11,4,0,15
52837266.0,hp98.jpg,True,False,11,4,0,15
52837268.0,hp99.jpg,True,False,14,1,0,15
52837269.0,hp100.jpg,True,False,11,3,1,14
52837376.0,hp650.jpg,True,False,12,3,0,15
52837379.0,hp648.jpg,True,False,2,12,1,14
52837380.0,hp646.jpg,True,False,12,2,1,14
52837381.0,hp647.jpg,True,False,10,6,0,16
52837383.0,hp644.jpg,True,False,9,6,0,15
52837385.0,hp645.jpg,True,False,13,1,1,14
52837387.0,hp642.jpg,True,False,14,1,0,15
52837388.0,hp643.jpg,True,False,6,7,2,13
52837389.0,hp641.jpg,True,False,12,3,0,15
52837390.0,hp639.jpg,True,False,15,0,0,15
52837392.0,hp640.jpg,True,False,13,2,0,15
52837393.0,hp637.jpg,True,False,7,7,1,14
52837394.0,hp638.jpg,True,False,6,9,1,15
52837395.0,hp635.jpg,True,False,14,0,1,14
52837396.0,hp636.jpg,True,False,12,3,0,15
52837397.0,hp633.jpg,True,False,13,2,0,15
52837398.0,hp634.jpg,True,False,13,1,1,14
52837399.0,hp631.jpg,True,False,6,9,0,15
52837400.0,hp632.jpg,True,False,12,3,0,15
52837402.0,hp629.jpg,True,False,10,5,0,15
52837403.0,hp630.jpg,True,False,4,11,0,15
52837405.0,hp628.jpg,True,False,10,5,0,15
52837406.0,hp626.jpg,True,False,10,5,0,15
52837407.0,hp627.jpg,True,False,8,7,0,15
52837408.0,hp624.jpg,True,False,15,0,0,15
52837409.0,hp625.jpg,True,False,9,6,0,15
52837410.0,hp622.jpg,True,False,4,10,1,14
52837411.0,hp623.jpg,True,False,10,4,1,14
52837412.0,hp620.jpg,True,False,13,2,0,15
52837413.0,hp621.jpg,True,False,6,8,1,14
52837414.0,hp619.jpg,True,False,15,0,0,15
52837415.0,hp617.jpg,True,False,14,1,0,15
52837416.0,hp618.jpg,True,False,4,10,1,14
52837417.0,hp615.jpg,True,False,14,2,0,16
52837418.0,hp616.jpg,True,False,13,2,1,15
52837419.0,hp613.jpg,True,False,13,2,0,15
52837420.0,hp614.jpg,True,False,13,1,1,14
52837421.0,hp611.jpg,True,False,7,8,0,15
52837422.0,hp612.jpg,True,False,10,5,0,15
52837423.0,hp609.jpg,True,False,4,10,1,14
52837424.0,hp610.jpg,True,False,5,9,1,14
52837425.0,hp607.jpg,True,False,15,0,0,15
52837426.0,hp608.jpg,True,False,12,2,1,14
52837427.0,hp605.jpg,True,False,6,8,1,14
52837429.0,hp606.jpg,True,False,5,9,1,14
52837430.0,hp603.jpg,True,False,6,9,0,15
52837431.0,hp604.jpg,True,False,8,7,0,15
52837433.0,hp601.jpg,True,False,8,7,0,15
52837434.0,hp602.jpg,True,False,12,3,0,15
52837436.0,hp599.jpg,True,False,10,4,1,14
52837437.0,hp600.jpg,True,False,1,12,2,13
52837439.0,hp598.jpg,True,False,12,3,0,15
52837440.0,hp596.jpg,True,False,11,4,0,15
52837442.0,hp597.jpg,True,False,9,6,1,15
52837443.0,hp594.jpg,True,False,8,7,1,15
52837445.0,hp595.jpg,True,False,15,0,0,15
52837446.0,hp592.jpg,True,False,14,1,0,15
52837448.0,hp593.jpg,True,False,10,4,1,14
52837449.0,hp590.jpg,True,False,9,6,0,15
52837451.0,hp591.jpg,True,False,6,9,0,15
52837452.0,hp588.jpg,True,False,15,0,0,15
52837453.0,hp589.jpg,True,False,11,4,0,15
52837454.0,hp586.jpg,True,False,7,7,1,14
52837455.0,hp587.jpg,True,False,15,1,0,16
52837456.0,hp584.jpg,True,False,4,11,0,15
52837457.0,hp585.jpg,True,False,9,6,0,15
52837458.0,hp583.jpg,True,False,12,3,0,15
52837459.0,hp581.jpg,True,False,9,6,0,15
52837460.0,hp582.jpg,True,False,9,5,1,14
52837461.0,hp579.jpg,True,False,7,7,1,14
52837463.0,hp580.jpg,True,False,15,0,0,15
52837464.0,hp578.jpg,True,False,4,11,0,15
52837465.0,hp576.jpg,True,False,13,2,0,15
52837467.0,hp577.jpg,True,False,4,10,1,14
52837510.0,hp101.jpg,True,False,7,8,0,15
52837513.0,hp102.jpg,True,False,14,1,0,15
52837515.0,hp103.jpg,True,False,9,4,2,13
52837517.0,hp104.jpg,True,False,14,1,0,15
52837519.0,hp105.jpg,True,False,14,1,0,15
52837521.0,hp106.jpg,True,False,14,1,0,15
52837522.0,hp107.jpg,True,False,14,1,0,15
52837524.0,hp108.jpg,True,False,8,6,1,14
52837526.0,hp109.jpg,True,False,13,5,0,18
52837527.0,hp110.jpg,True,False,12,3,0,15
52837528.0,hp111.jpg,True,False,13,2,0,15
52837530.0,hp112.jpg,True,False,14,1,0,15
52837532.0,hp113.jpg,True,False,6,9,0,15
52837533.0,hp114.jpg,True,False,11,4,0,15
52837535.0,hp115.jpg,True,False,8,5,2,13
52837536.0,hp116.jpg,True,False,13,2,0,15
52837538.0,hp117.jpg,True,False,7,8,0,15
52837539.0,hp118.jpg,True,False,15,0,0,15
52837540.0,hp119.jpg,True,False,15,0,0,15
52837542.0,hp120.jpg,True,False,10,6,0,16
52837543.0,hp121.jpg,True,False,13,2,0,15
52837544.0,hp122.jpg,True,False,15,0,0,15
52837545.0,hp123.jpg,True,False,16,0,0,16
52837546.0,hp124.jpg,True,False,9,5,1,14
52837547.0,hp125.jpg,True,False,11,2,2,13
52837548.0,hp126.jpg,True,False,12,2,1,14
52837549.0,hp127.jpg,True,False,12,3,0,15
52837550.0,hp128.jpg,True,False,14,1,0,15
52837551.0,hp129.jpg,True,False,15,1,0,16
52837552.0,hp130.jpg,True,False,14,1,0,15
52837553.0,hp131.jpg,True,False,13,2,0,15
52837554.0,hp132.jpg,True,False,13,2,0,15
52837555.0,hp133.jpg,True,False,15,0,0,15
52837557.0,hp134.jpg,True,False,10,5,0,15
52837558.0,hp135.jpg,True,False,14,1,0,15
52837560.0,hp136.jpg,True,False,14,1,1,15
52837561.0,hp137.jpg,True,False,14,1,0,15
52837562.0,hp138.jpg,True,False,4,10,1,14
52837564.0,hp139.jpg,True,False,10,5,0,15
52837565.0,hp140.jpg,True,False,13,2,0,15
52837566.0,hp141.jpg,True,False,10,4,1,14
52837568.0,hp142.jpg,True,False,6,9,0,15
52837569.0,hp143.jpg,True,False,5,10,0,15
52837570.0,hp144.jpg,True,False,11,4,0,15
52837571.0,hp145.jpg,True,False,9,5,1,14
52837572.0,hp146.jpg,True,False,12,2,1,14
52837573.0,hp147.jpg,True,False,13,1,1,14
52837574.0,hp148.jpg,True,False,13,1,1,14
52837575.0,hp149.jpg,True,False,5,10,0,15
52837576.0,hp150.jpg,True,False,11,4,0,15
52837591.0,hp151.jpg,True,False,5,10,0,15
52837594.0,hp152.jpg,True,False,14,2,0,16
52837596.0,hp153.jpg,True,False,16,0,1,16
52837597.0,hp154.jpg,True,False,11,3,1,14
52837598.0,hp155.jpg,True,False,14,2,0,16
52837600.0,hp156.jpg,True,False,7,9,0,16
52837601.0,hp157.jpg,True,False,12,2,1,14
52837603.0,hp158.jpg,True,False,8,7,0,15
52837604.0,hp159.jpg,True,False,7,8,0,15
52837605.0,hp160.jpg,True,False,10,5,0,15
52837607.0,hp161.jpg,True,False,11,2,2,13
52837609.0,hp162.jpg,True,False,14,0,1,14
52837610.0,hp163.jpg,True,False,15,0,0,15
52837612.0,hp164.jpg,True,False,13,2,0,15
52837616.0,hp165.jpg,True,False,7,8,0,15
52837618.0,hp166.jpg,True,False,12,3,0,15
52837620.0,hp167.jpg,True,False,10,4,1,14
52837622.0,hp168.jpg,True,False,15,0,0,15
52837623.0,hp169.jpg,True,False,13,2,0,15
52837624.0,hp170.jpg,True,False,10,5,0,15
52837626.0,hp171.jpg,True,False,9,5,1,14
52837627.0,hp172.jpg,True,False,9,5,1,14
52837629.0,hp173.jpg,True,False,7,7,1,14
52837630.0,hp174.jpg,True,False,9,5,1,14
52837631.0,hp175.jpg,True,False,15,0,0,15
52837633.0,hp176.jpg,True,False,14,0,1,14
52837634.0,hp177.jpg,True,False,13,2,0,15
52837635.0,hp178.jpg,True,False,10,4,1,14
52837636.0,hp179.jpg,True,False,15,0,0,15
52837637.0,hp180.jpg,True,False,11,3,1,14
52837638.0,hp181.jpg,True,False,15,0,0,15
52837639.0,hp182.jpg,True,False,14,1,0,15
52837640.0,hp183.jpg,True,False,7,7,1,14
52837641.0,hp184.jpg,True,False,14,1,0,15
52837642.0,hp185.jpg,True,False,14,1,0,15
52837643.0,hp186.jpg,True,False,13,1,1,14
52837644.0,hp187.jpg,True,False,14,1,0,15
52837645.0,hp188.jpg,True,False,11,3,1,14
52837646.0,hp189.jpg,True,False,13,2,0,15
52837647.0,hp190.jpg,True,False,14,1,0,15
52837648.0,hp191.jpg,True,False,12,3,0,15
52837649.0,hp192.jpg,True,False,14,0,1,14
52837650.0,hp193.jpg,True,False,15,0,0,15
52837651.0,hp194.jpg,True,False,14,1,0,15
52837652.0,hp195.jpg,True,False,15,0,0,15
52837653.0,hp196.jpg,True,False,16,0,0,16
52837654.0,hp197.jpg,True,False,13,1,1,14
52837655.0,hp198.jpg,True,False,11,4,0,15
52837656.0,hp199.jpg,True,False,13,1,1,14
52837657.0,hp200.jpg,True,False,14,1,0,15
52837666.0,hp201.jpg,True,False,15,0,0,15
52837670.0,hp202.jpg,True,False,11,3,1,14
52837672.0,hp203.jpg,True,False,15,0,0,15
52837674.0,hp204.jpg,True,False,9,5,1,14
52837675.0,hp205.jpg,True,False,7,8,0,15
52837677.0,hp206.jpg,True,False,14,1,0,15
52837678.0,hp207.jpg,True,False,12,2,2,14
52837680.0,hp208.jpg,True,False,13,1,1,14
52837681.0,hp209.jpg,True,False,13,2,0,15
52837683.0,hp210.jpg,True,False,12,3,0,15
52837684.0,hp211.jpg,True,False,6,10,0,16
52837685.0,hp212.jpg,True,False,7,7,1,14
52837686.0,hp213.jpg,True,False,11,4,0,15
52837687.0,hp214.jpg,True,False,15,0,0,15
52837689.0,hp215.jpg,True,False,4,11,0,15
52837690.0,hp216.jpg,True,False,13,1,2,14
52837691.0,hp217.jpg,True,False,14,0,1,14
52837693.0,hp218.jpg,True,False,13,2,0,15
52837695.0,hp219.jpg,True,False,12,1,2,13
52837696.0,hp220.jpg,True,False,14,1,0,15
52837698.0,hp221.jpg,True,False,13,2,0,15
52837699.0,hp222.jpg,True,False,12,2,1,14
52837701.0,hp223.jpg,True,False,8,4,3,12
52837702.0,hp224.jpg,True,False,13,0,2,13
52837703.0,hp225.jpg,True,False,6,8,1,14
52837705.0,hp226.jpg,True,False,13,1,1,14
52837707.0,hp227.jpg,True,False,14,1,0,15
52837708.0,hp228.jpg,True,False,14,1,0,15
52837709.0,hp229.jpg,True,False,14,1,0,15
52837711.0,hp230.jpg,True,False,15,0,0,15
52837712.0,hp231.jpg,True,False,15,0,0,15
52837714.0,hp232.jpg,True,False,11,3,1,14
52837715.0,hp233.jpg,True,False,9,6,0,15
52837717.0,hp234.jpg,True,False,9,5,1,14
52837718.0,hp235.jpg,True,False,11,3,1,14
52837719.0,hp236.jpg,True,False,12,4,0,16
52837721.0,hp237.jpg,True,False,9,6,0,15
52837722.0,hp238.jpg,True,False,3,12,0,15
52837724.0,hp239.jpg,True,False,12,3,0,15
52837725.0,hp240.jpg,True,False,12,2,1,14
52837727.0,hp241.jpg,True,False,12,2,1,14
52837728.0,hp242.jpg,True,False,10,5,0,15
52837729.0,hp243.jpg,True,False,14,0,1,14
52837731.0,hp244.jpg,True,False,13,2,0,15
52837732.0,hp245.jpg,True,False,12,3,0,15
52837733.0,hp246.jpg,True,False,9,6,0,15
52837735.0,hp247.jpg,True,False,15,0,0,15
52837736.0,hp248.jpg,True,False,12,4,0,16
52837738.0,hp249.jpg,True,False,13,1,1,14
52837739.0,hp250.jpg,True,False,12,3,0,15
52837741.0,hp251.jpg,True,False,11,3,1,14
52837743.0,hp252.jpg,True,False,11,3,1,14
52837744.0,hp253.jpg,True,False,11,3,1,14
52837746.0,hp254.jpg,True,False,12,3,0,15
52837747.0,hp255.jpg,True,False,2,12,1,14
52837748.0,hp256.jpg,True,False,1,13,1,14
52837750.0,hp257.jpg,True,False,13,2,0,15
52837751.0,hp258.jpg,True,False,13,1,1,14
52837752.0,hp259.jpg,True,False,13,1,1,14
52837754.0,hp260.jpg,True,False,5,10,0,15
52837755.0,hp261.jpg,True,False,12,4,0,16
52837757.0,hp262.jpg,True,False,8,7,0,15
52837758.0,hp263.jpg,True,False,13,2,0,15
52837760.0,hp264.jpg,True,False,11,3,1,14
52837762.0,hp265.jpg,True,False,7,6,2,13
52837763.0,hp266.jpg,True,False,14,1,0,15
52837764.0,hp267.jpg,True,False,13,2,0,15
52837766.0,hp268.jpg,True,False,10,4,1,14
52837767.0,hp269.jpg,True,False,15,0,0,15
52837769.0,hp270.jpg,True,False,15,1,0,16
52837770.0,hp271.jpg,True,False,11,5,0,16
52837772.0,hp272.jpg,True,False,12,3,0,15
52837773.0,hp273.jpg,True,False,13,1,1,14
52837774.0,hp274.jpg,True,False,11,3,1,14
52837776.0,hp275.jpg,True,False,11,3,1,14
52837797.0,hp276.jpg,True,False,13,1,1,14
52837801.0,hp277.jpg,True,False,12,2,1,14
52837803.0,hp278.jpg,True,False,9,7,0,16
52837804.0,hp279.jpg,True,False,10,4,1,14
52837806.0,hp280.jpg,True,False,15,0,0,15
52837807.0,hp281.jpg,True,False,14,1,0,15
52837809.0,hp282.jpg,True,False,12,3,0,15
52837810.0,hp283.jpg,True,False,11,4,0,15
52837812.0,hp284.jpg,True,False,8,5,2,13
52837813.0,hp285.jpg,True,False,15,0,0,15
52837815.0,hp286.jpg,True,False,10,5,0,15
52837816.0,hp287.jpg,True,False,15,0,0,15
52837817.0,hp288.jpg,True,False,13,2,0,15
52837819.0,hp289.jpg,True,False,8,7,0,15
52837820.0,hp290.jpg,True,False,12,3,0,15
52837822.0,hp291.jpg,True,False,11,4,0,15
52837823.0,hp292.jpg,True,False,13,2,0,15
52837824.0,hp293.jpg,True,False,13,2,0,15
52837826.0,hp294.jpg,True,False,9,6,0,15
52837828.0,hp295.jpg,True,False,14,1,0,15
52837829.0,hp296.jpg,True,False,14,1,0,15
52837831.0,hp297.jpg,True,False,12,3,0,15
52837832.0,hp298.jpg,True,False,12,3,0,15
52837834.0,hp299.jpg,True,False,11,5,0,16
52837835.0,hp300.jpg,True,False,11,4,0,15
52837836.0,hp301.jpg,True,False,10,5,0,15
52837837.0,hp302.jpg,True,False,15,0,0,15
52837839.0,hp303.jpg,True,False,13,2,0,15
52837840.0,hp304.jpg,True,False,13,2,0,15
52837841.0,hp305.jpg,True,False,1,14,0,15
52837843.0,hp306.jpg,True,False,13,2,0,15
52837844.0,hp307.jpg,True,False,15,0,0,15
52837846.0,hp308.jpg,True,False,14,1,0,15
52837847.0,hp309.jpg,True,False,11,3,1,14
52837849.0,hp310.jpg,True,False,1,14,0,15
52837850.0,hp311.jpg,True,False,6,9,0,15
52837852.0,hp312.jpg,True,False,15,0,0,15
52837853.0,hp313.jpg,True,False,7,8,0,15
52837855.0,hp314.jpg,True,False,14,1,0,15
52837858.0,hp315.jpg,True,False,9,5,1,14
52837859.0,hp316.jpg,True,False,13,1,1,14
52837860.0,hp317.jpg,True,False,13,1,1,14
52837862.0,hp318.jpg,True,False,14,1,0,15
52837864.0,hp319.jpg,True,False,10,5,0,15
52837865.0,hp320.jpg,True,False,9,6,0,15
52837868.0,hp321.jpg,True,False,11,3,1,14
52837870.0,hp322.jpg,True,False,12,3,0,15
52837872.0,hp323.jpg,True,False,5,10,0,15
52837873.0,hp324.jpg,True,False,12,2,1,14
52837875.0,hp325.jpg,True,False,14,1,0,15
52837876.0,hp326.jpg,True,False,9,7,0,16
52837878.0,hp327.jpg,True,False,12,2,1,14
52837880.0,hp328.jpg,True,False,14,2,0,16
52837881.0,hp329.jpg,True,False,13,1,1,14
52837883.0,hp330.jpg,True,False,6,9,0,15
52837884.0,hp331.jpg,True,False,6,9,0,15
52837886.0,hp332.jpg,True,False,9,5,1,14
52837888.0,hp333.jpg,True,False,5,9,1,14
52837890.0,hp334.jpg,True,False,9,5,1,14
52837891.0,hp335.jpg,True,False,10,6,0,16
52837893.0,hp336.jpg,True,False,9,6,0,15
52837894.0,hp337.jpg,True,False,5,8,2,13
52837895.0,hp338.jpg,True,False,14,0,1,14
52837896.0,hp339.jpg,True,False,14,1,0,15
52837897.0,hp340.jpg,True,False,4,10,1,14
52837898.0,hp341.jpg,True,False,14,1,1,15
52837899.0,hp342.jpg,True,False,8,7,0,15
52837900.0,hp343.jpg,True,False,8,5,2,13
52837901.0,hp344.jpg,True,False,6,9,1,15
52837902.0,hp345.jpg,True,False,15,0,1,15
52837903.0,hp346.jpg,True,False,13,2,0,15
52837904.0,hp347.jpg,True,False,13,2,0,15
52837905.0,hp348.jpg,True,False,15,0,0,15
52837906.0,hp349.jpg,True,False,13,1,1,14
52837907.0,hp350.jpg,True,False,10,4,1,14
52837935.0,hp351.jpg,True,False,14,1,0,15
52837939.0,hp352.jpg,True,False,14,1,0,15
52837940.0,hp353.jpg,True,False,13,1,1,14
52837942.0,hp354.jpg,True,False,9,5,1,14
52837943.0,hp355.jpg,True,False,15,0,0,15
52837945.0,hp356.jpg,True,False,9,6,0,15
52837946.0,hp357.jpg,True,False,13,2,0,15
52837947.0,hp358.jpg,True,False,4,11,0,15
52837949.0,hp359.jpg,True,False,1,14,0,15
52837951.0,hp360.jpg,True,False,14,1,0,15
52837953.0,hp361.jpg,True,False,7,8,0,15
52837954.0,hp362.jpg,True,False,12,2,1,14
52837955.0,hp363.jpg,True,False,7,6,2,13
52837957.0,hp364.jpg,True,False,12,3,0,15
52837958.0,hp365.jpg,True,False,15,2,0,17
52837959.0,hp366.jpg,True,False,13,2,0,15
52837960.0,hp367.jpg,True,False,11,4,0,15
52837961.0,hp368.jpg,True,False,13,0,2,13
52837962.0,hp369.jpg,True,False,9,4,2,13
52837963.0,hp370.jpg,True,False,3,11,1,14
52837964.0,hp371.jpg,True,False,7,8,0,15
52837965.0,hp372.jpg,True,False,15,0,0,15
52837967.0,hp373.jpg,True,False,11,4,0,15
52837969.0,hp374.jpg,True,False,2,13,0,15
52837970.0,hp375.jpg,True,False,13,3,0,16
52837974.0,hp376.jpg,True,False,12,3,0,15
52837975.0,hp377.jpg,True,False,11,3,1,14
52837977.0,hp378.jpg,True,False,13,1,1,14
52837978.0,hp379.jpg,True,False,6,9,0,15
52837979.0,hp380.jpg,True,False,15,0,0,15
52837981.0,hp381.jpg,True,False,6,7,2,13
52837982.0,hp382.jpg,True,False,13,2,0,15
52837984.0,hp383.jpg,True,False,10,4,1,14
52837985.0,hp384.jpg,True,False,14,1,0,15
52837986.0,hp385.jpg,True,False,12,0,3,12
52837987.0,hp386.jpg,True,False,12,3,0,15
52837988.0,hp387.jpg,True,False,15,0,0,15
52837989.0,hp388.jpg,True,False,6,9,0,15
52837990.0,hp389.jpg,True,False,15,0,0,15
52837991.0,hp390.jpg,True,False,11,4,0,15
52837992.0,hp391.jpg,True,False,14,1,0,15
52837993.0,hp392.jpg,True,False,13,1,1,14
52837994.0,hp393.jpg,True,False,14,1,0,15
52837995.0,hp394.jpg,True,False,4,11,0,15
52837996.0,hp395.jpg,True,False,14,1,0,15
52837997.0,hp396.jpg,True,False,14,1,0,15
52837998.0,hp397.jpg,True,False,14,1,0,15
52838000.0,hp398.jpg,True,False,12,2,1,14
52838001.0,hp399.jpg,True,False,6,9,0,15
52838003.0,hp400.jpg,True,False,10,5,2,15
52838004.0,hp401.jpg,True,False,13,2,0,15
52838006.0,hp402.jpg,True,False,15,0,0,15
52838007.0,hp403.jpg,True,False,13,2,0,15
52838010.0,hp404.jpg,True,False,14,0,1,14
52838011.0,hp405.jpg,True,False,14,0,1,14
52838012.0,hp406.jpg,True,False,15,1,0,16
52838014.0,hp407.jpg,True,False,11,3,1,14
52838016.0,hp408.jpg,True,False,14,2,0,16
52838018.0,hp409.jpg,True,False,11,4,0,15
52838019.0,hp410.jpg,True,False,14,0,1,14
52838022.0,hp411.jpg,True,False,12,4,0,16
52838023.0,hp412.jpg,True,False,13,1,1,14
52838025.0,hp413.jpg,True,False,14,1,0,15
52838027.0,hp414.jpg,True,False,13,2,0,15
52838029.0,hp415.jpg,True,False,10,4,1,14
52838031.0,hp416.jpg,True,False,14,1,0,15
52838033.0,hp417.jpg,True,False,13,1,1,14
52838035.0,hp418.jpg,True,False,13,2,1,15
52838036.0,hp419.jpg,True,False,7,7,1,14
52838038.0,hp420.jpg,True,False,13,2,0,15
52838040.0,hp421.jpg,True,False,8,7,0,15
52838041.0,hp422.jpg,True,False,11,4,0,15
52838044.0,hp423.jpg,True,False,13,0,2,13
52838045.0,hp424.jpg,True,False,10,5,0,15
52838047.0,hp425.jpg,True,False,15,0,0,15
52838082.0,hp426.jpg,True,False,10,5,1,15
52838087.0,hp427.jpg,True,False,14,1,0,15
52838089.0,hp428.jpg,True,False,15,0,0,15
52838091.0,hp429.jpg,True,False,13,2,0,15
52838092.0,hp430.jpg,True,False,11,3,1,14
52838094.0,hp431.jpg,True,False,9,6,0,15
52838095.0,hp432.jpg,True,False,14,1,0,15
52838097.0,hp433.jpg,True,False,12,3,0,15
52838098.0,hp434.jpg,True,False,11,4,0,15
52838099.0,hp435.jpg,True,False,13,2,0,15
52838101.0,hp436.jpg,True,False,9,5,1,14
52838102.0,hp437.jpg,True,False,12,1,2,13
52838104.0,hp438.jpg,True,False,14,1,0,15
52838105.0,hp439.jpg,True,False,15,0,0,15
52838107.0,hp440.jpg,True,False,11,3,1,14
52838108.0,hp441.jpg,True,False,7,8,0,15
52838109.0,hp442.jpg,True,False,14,0,1,14
52838111.0,hp443.jpg,True,False,7,8,0,15
52838112.0,hp444.jpg,True,False,3,12,0,15
52838114.0,hp445.jpg,True,False,13,2,0,15
52838115.0,hp446.jpg,True,False,9,6,0,15
52838117.0,hp447.jpg,True,False,13,2,0,15
52838118.0,hp448.jpg,True,False,13,2,0,15
52838120.0,hp449.jpg,True,False,4,11,0,15
52838122.0,hp450.jpg,True,False,7,8,0,15
52838123.0,hp451.jpg,True,False,11,5,0,16
52838124.0,hp452.jpg,True,False,11,3,1,14
52838125.0,hp453.jpg,True,False,11,3,1,14
52838127.0,hp454.jpg,True,False,11,3,1,14
52838128.0,hp455.jpg,True,False,7,7,1,14
52838130.0,hp456.jpg,True,False,15,0,0,15
52838131.0,hp457.jpg,True,False,13,2,0,15
52838132.0,hp458.jpg,True,False,7,9,0,16
52838134.0,hp459.jpg,True,False,10,5,0,15
52838136.0,hp460.jpg,True,False,3,12,0,15
52838138.0,hp461.jpg,True,False,15,1,0,16
52838140.0,hp462.jpg,True,False,11,4,0,15
52838141.0,hp463.jpg,True,False,4,10,1,14
52838142.0,hp464.jpg,True,False,9,6,0,15
52838144.0,hp465.jpg,True,False,10,4,1,14
52838145.0,hp466.jpg,True,False,15,1,0,16
52838147.0,hp467.jpg,True,False,11,5,0,16
52838148.0,hp468.jpg,True,False,9,6,0,15
52838149.0,hp469.jpg,True,False,4,11,0,15
52838151.0,hp470.jpg,True,False,11,3,1,14
52838152.0,hp471.jpg,True,False,8,7,0,15
52838154.0,hp472.jpg,True,False,14,0,1,14
52838156.0,hp473.jpg,True,False,15,0,0,15
52838157.0,hp474.jpg,True,False,15,0,0,15
52838158.0,hp475.jpg,True,False,5,10,0,15
52838159.0,hp476.jpg,True,False,10,5,0,15
52838160.0,hp477.jpg,True,False,3,11,1,14
52838161.0,hp478.jpg,True,False,13,1,1,14
52838162.0,hp479.jpg,True,False,3,13,0,16
52838163.0,hp480.jpg,True,False,0,14,1,14
52838164.0,hp481.jpg,True,False,13,2,0,15
52838165.0,hp482.jpg,True,False,5,10,0,15
52838166.0,hp483.jpg,True,False,13,2,0,15
52838167.0,hp484.jpg,True,False,11,4,0,15
52838168.0,hp485.jpg,True,False,7,8,0,15
52838169.0,hp486.jpg,True,False,14,1,0,15
52838170.0,hp487.jpg,True,False,9,5,1,14
52838171.0,hp488.jpg,True,False,8,6,1,14
52838172.0,hp489.jpg,True,False,14,1,0,15
52838173.0,hp490.jpg,True,False,10,5,0,15
52838174.0,hp491.jpg,True,False,3,11,1,14
52838175.0,hp492.jpg,True,False,6,8,1,14
52838176.0,hp493.jpg,True,False,13,3,0,16
52838177.0,hp494.jpg,True,False,14,1,0,15
52838178.0,hp495.jpg,True,False,14,1,0,15
52838179.0,hp496.jpg,True,False,15,0,0,15
52838180.0,hp497.jpg,True,False,13,0,2,13
52838181.0,hp498.jpg,True,False,13,2,0,15
52838183.0,hp499.jpg,True,False,6,9,0,15
52838184.0,hp500.jpg,True,False,6,9,0,15
52838202.0,hp501.jpg,True,False,12,3,1,15
52838205.0,hp502.jpg,True,False,14,1,0,15
52838207.0,hp503.jpg,True,False,9,4,2,13
52838208.0,hp504.jpg,True,False,6,7,2,13
52838210.0,hp505.jpg,True,False,15,0,0,15
52838212.0,hp506.jpg,True,False,14,0,1,14
52838213.0,hp507.jpg,True,False,12,3,0,15
52838215.0,hp508.jpg,True,False,14,1,0,15
52838216.0,hp509.jpg,True,False,7,5,3,12
52838218.0,hp510.jpg,True,False,7,7,1,14
52838219.0,hp511.jpg,True,False,8,7,0,15
52838221.0,hp512.jpg,True,False,14,1,0,15
52838222.0,hp513.jpg,True,False,14,1,0,15
52838223.0,hp514.jpg,True,False,14,1,0,15
52838225.0,hp515.jpg,True,False,14,1,0,15
52838226.0,hp516.jpg,True,False,14,0,1,14
52838228.0,hp517.jpg,True,False,13,2,0,15
52838229.0,hp518.jpg,True,False,13,1,1,14
52838230.0,hp519.jpg,True,False,14,1,0,15
52838231.0,hp520.jpg,True,False,15,0,0,15
52838232.0,hp521.jpg,True,False,13,0,2,13
52838234.0,hp522.jpg,True,False,14,1,0,15
52838236.0,hp523.jpg,True,False,14,0,1,14
52838237.0,hp524.jpg,True,False,10,4,1,14
52838238.0,hp525.jpg,True,False,14,0,1,14
52838240.0,hp526.jpg,True,False,4,11,0,15
52838241.0,hp527.jpg,True,False,12,2,1,14
52838242.0,hp528.jpg,True,False,14,1,0,15
52838244.0,hp529.jpg,True,False,7,8,0,15
52838245.0,hp530.jpg,True,False,14,0,1,14
52838247.0,hp531.jpg,True,False,15,0,0,15
52838248.0,hp532.jpg,True,False,7,4,4,11
52838250.0,hp533.jpg,True,False,3,11,1,14
52838251.0,hp534.jpg,True,False,14,0,1,14
52838252.0,hp535.jpg,True,False,11,5,0,16
52838254.0,hp536.jpg,True,False,8,6,1,14
52838256.0,hp537.jpg,True,False,10,5,0,15
52838258.0,hp538.jpg,True,False,12,2,1,14
52838260.0,hp539.jpg,True,False,11,3,1,14
52838261.0,hp540.jpg,True,False,9,7,1,16
52838263.0,hp541.jpg,True,False,8,6,1,14
52838264.0,hp542.jpg,True,False,14,1,0,15
52838266.0,hp543.jpg,True,False,12,1,2,13
52838267.0,hp544.jpg,True,False,10,4,1,14
52838268.0,hp545.jpg,True,False,12,3,0,15
52838270.0,hp546.jpg,True,False,8,7,0,15
52838271.0,hp547.jpg,True,False,12,3,0,15
52838272.0,hp548.jpg,True,False,14,2,0,16
52838274.0,hp549.jpg,True,False,14,1,0,15
52838275.0,hp550.jpg,True,False,15,0,0,15
52838276.0,hp551.jpg,True,False,14,1,0,15
52838278.0,hp552.jpg,True,False,15,0,0,15
52838279.0,hp553.jpg,True,False,14,1,0,15
52838280.0,hp554.jpg,True,False,14,1,0,15
52838282.0,hp555.jpg,True,False,7,9,0,16
52838283.0,hp556.jpg,True,False,12,3,0,15
52838285.0,hp557.jpg,True,False,7,7,1,14
52838286.0,hp558.jpg,True,False,13,2,0,15
52838287.0,hp559.jpg,True,False,11,3,1,14
52838289.0,hp560.jpg,True,False,15,0,0,15
52838290.0,hp561.jpg,True,False,13,2,0,15
52838291.0,hp562.jpg,True,False,14,1,0,15
52838293.0,hp563.jpg,True,False,8,7,0,15
52838294.0,hp564.jpg,True,False,6,9,0,15
52838296.0,hp565.jpg,True,False,3,12,0,15
52838297.0,hp566.jpg,True,False,2,13,0,15
52838299.0,hp567.jpg,True,False,15,0,0,15
52838300.0,hp568.jpg,True,False,14,1,0,15
52838302.0,hp569.jpg,True,False,2,13,0,15
52838303.0,hp570.jpg,True,False,13,1,1,14
52838305.0,hp571.jpg,True,False,13,1,1,14
52838306.0,hp572.jpg,True,False,11,3,1,14
52838307.0,hp573.jpg,True,False,13,2,0,15
52838309.0,hp574.jpg,True,False,9,6,0,15
52838310.0,hp575.jpg,True,False,2,12,1,14
52838355.0,hp599.jpg,True,False,8,3,4,11
52838411.0,hp638.jpg,True,False,3,12,0,15
52838412.0,hp639.jpg,True,False,14,1,0,15
52838425.0,hp649.jpg,True,False,10,4,1,14
52838430.0,hp651.jpg,True,False,8,6,1,14
52838435.0,hp652.jpg,True,False,5,9,1,14
52838436.0,hp653.jpg,True,False,4,10,1,14
52838437.0,hp654.jpg,True,False,12,3,0,15
52838438.0,hp655.jpg,True,False,4,10,1,14
52838439.0,hp656.jpg,True,False,2,12,1,14
52838440.0,hp657.jpg,True,False,11,4,0,15
52838441.0,hp658.jpg,True,False,2,11,2,13
52838442.0,hp659.jpg,True,False,15,0,0,15
52838443.0,hp660.jpg,True,False,6,8,1,14
52838444.0,hp661.jpg,True,False,10,3,2,13
52838445.0,hp662.jpg,True,False,9,2,4,11
52838446.0,hp663.jpg,True,False,12,2,1,14
52838447.0,hp664.jpg,True,False,15,0,0,15
52838448.0,hp665.jpg,True,False,11,3,1,14
52838449.0,hp666.jpg,True,False,15,0,0,15
52838450.0,hp667.jpg,True,False,12,2,1,14
52838451.0,hp668.jpg,True,False,15,0,0,15
52838453.0,hp669.jpg,True,False,9,11,0,20
52838455.0,hp670.jpg,True,False,11,3,1,14
52838456.0,hp671.jpg,True,False,14,0,1,14
52838458.0,hp672.jpg,True,False,5,9,1,14
52838460.0,hp673.jpg,True,False,11,4,0,15
52838462.0,hp674.jpg,True,False,1,13,1,14
52838465.0,hp675.jpg,True,False,1,13,1,14
52838467.0,hp676.jpg,True,False,18,1,0,19
52838468.0,hp677.jpg,True,False,4,11,0,15
52838470.0,hp678.jpg,True,False,12,3,0,15
52838471.0,hp679.jpg,True,False,13,1,1,14
52838473.0,hp680.jpg,True,False,12,2,1,14
52838474.0,hp681.jpg,True,False,12,2,1,14
52838476.0,hp682.jpg,True,False,13,1,1,14
52838477.0,hp683.jpg,True,False,15,0,0,15
52838478.0,hp684.jpg,True,False,14,1,0,15
52838480.0,hp685.jpg,True,False,6,9,0,15
52838481.0,hp686.jpg,True,False,14,1,0,15
52838482.0,hp687.jpg,True,False,8,7,0,15
52838484.0,hp688.jpg,True,False,9,4,2,13
52838486.0,hp689.jpg,True,False,14,0,1,14
52838487.0,hp690.jpg,True,False,7,7,1,14
52838490.0,hp691.jpg,True,False,5,9,2,14
52838492.0,hp692.jpg,True,False,5,10,0,15
52838494.0,hp693.jpg,True,False,12,3,0,15
52838496.0,hp694.jpg,True,False,5,10,0,15
52838498.0,hp695.jpg,True,False,9,6,0,15
52838500.0,hp696.jpg,True,False,15,0,0,15
52838502.0,hp697.jpg,True,False,7,8,0,15
52838503.0,hp698.jpg,True,False,11,4,0,15
52838505.0,hp699.jpg,True,False,9,5,1,14
52838507.0,hp700.jpg,True,False,8,6,2,14
52838508.0,hp701.jpg,True,False,13,2,0,15
52838657.0,hp743.jpg,True,False,13,1,1,14
52838658.0,hp744.jpg,True,False,11,3,1,14
52838659.0,hp745.jpg,True,False,12,1,2,13
52838660.0,hp746.jpg,True,False,12,3,0,15
52838661.0,hp747.jpg,True,False,6,7,2,13
52838662.0,hp748.jpg,True,False,12,2,1,14
52838663.0,hp749.jpg,True,False,15,0,0,15
52838665.0,hp750.jpg,True,False,14,1,0,15
52838666.0,hp751.jpg,True,False,13,2,0,15
52838668.0,hp752.jpg,True,False,13,2,0,15
52838669.0,hp753.jpg,True,False,10,5,0,15
52838671.0,hp754.jpg,True,False,12,2,1,14
52838672.0,hp755.jpg,True,False,13,3,0,16
52838674.0,hp756.jpg,True,False,15,0,0,15
52838676.0,hp757.jpg,True,False,11,5,0,16
52838677.0,hp758.jpg,True,False,18,5,0,23
52838678.0,hp759.jpg,True,False,9,5,1,14
52838680.0,hp760.jpg,True,False,12,3,0,15
52838681.0,hp761.jpg,True,False,6,9,0,15
52838682.0,hp762.jpg,True,False,13,2,0,15
52838684.0,hp763.jpg,True,False,4,11,0,15
52838685.0,hp764.jpg,True,False,4,9,2,13
52838686.0,hp765.jpg,True,False,13,2,0,15
52838687.0,hp766.jpg,True,False,10,5,0,15
52838688.0,hp767.jpg,True,False,14,1,0,15
52838690.0,hp768.jpg,True,False,10,5,0,15
52838691.0,hp769.jpg,True,False,8,7,0,15
52838693.0,hp770.jpg,True,False,14,1,0,15
52838694.0,hp771.jpg,True,False,15,1,0,16
52838697.0,hp772.jpg,True,False,5,10,0,15
52838698.0,hp773.jpg,True,False,12,3,0,15
52838699.0,hp774.jpg,True,False,5,10,0,15
52838701.0,hp775.jpg,True,False,4,10,1,14
52838702.0,hp776.jpg,True,False,1,13,1,14
52838704.0,hp777.jpg,True,False,13,2,0,15
52838705.0,hp778.jpg,True,False,8,7,0,15
52838706.0,hp779.jpg,True,False,11,4,0,15
52838708.0,hp780.jpg,True,False,13,1,1,14
52838709.0,hp781.jpg,True,False,11,4,0,15
52838711.0,hp782.jpg,True,False,5,9,1,14
52838713.0,hp783.jpg,True,False,14,1,0,15
52838714.0,hp784.jpg,True,False,12,2,1,14
52838716.0,hp785.jpg,True,False,10,5,0,15
52838717.0,hp786.jpg,True,False,14,0,1,14
52838719.0,hp787.jpg,True,False,13,1,1,14
52838720.0,hp788.jpg,True,False,11,2,2,13
52838721.0,hp789.jpg,True,False,14,1,0,15
52838723.0,hp790.jpg,True,False,9,6,0,15
52838724.0,hp791.jpg,True,False,12,2,1,14
52838726.0,hp792.jpg,True,False,10,5,0,15
52838727.0,hp793.jpg,True,False,12,3,0,15
52838729.0,hp794.jpg,True,False,11,3,1,14
52838730.0,hp795.jpg,True,False,15,0,0,15
52838731.0,hp796.jpg,True,False,12,3,0,15
52838733.0,hp797.jpg,True,False,8,7,0,15
52838734.0,hp798.jpg,True,False,15,0,0,15
52838736.0,hp799.jpg,True,False,16,0,0,16
52838737.0,hp800.jpg,True,False,12,1,2,13
52838751.0,hp801.jpg,True,False,5,10,0,15
52838754.0,hp802.jpg,True,False,3,10,2,13
52838757.0,hp803.jpg,True,False,13,1,1,14
52838759.0,hp804.jpg,True,False,6,7,2,13
52838761.0,hp805.jpg,True,False,15,0,0,15
52838763.0,hp806.jpg,True,False,11,3,1,14
52838764.0,hp807.jpg,True,False,13,2,0,15
52838765.0,hp808.jpg,True,False,11,3,1,14
52838767.0,hp809.jpg,True,False,14,1,0,15
52838769.0,hp810.jpg,True,False,5,10,0,15
52838770.0,hp811.jpg,True,False,14,1,0,15
52838771.0,hp812.jpg,True,False,15,0,0,15
52838773.0,hp813.jpg,True,False,8,7,0,15
52838774.0,hp814.jpg,True,False,11,4,0,15
52838775.0,hp815.jpg,True,False,15,0,0,15
52838777.0,hp816.jpg,True,False,15,0,0,15
52838778.0,hp817.jpg,True,False,14,0,1,14
49251675.0,UPRailRoad.png,False,True,10,6,2,16
49251676.0,TaxInformationEmail.png,True,True,11,5,0,16
49251677.0,Paypal.png,True,True,12,5,0,17
49251678.0,Newsweek.png,False,True,1,14,0,15
49251679.0,whatsup.png,True,True,12,4,0,16
49251680.0,VirusSpyware.png,True,True,7,7,1,14
49251681.0,VenmoUber.png,False,True,3,12,0,15
49251682.0,venmo.png,False,True,2,14,0,16
49251683.0,Vanguard.png,False,True,11,3,1,14
49251684.0,USPSGmail.png,True,True,15,0,0,15
49251685.0,USPS.png,True,True,13,2,0,15
49251686.0,UPS.png,False,True,6,8,1,14
49251687.0,Twitter.png,False,True,6,8,1,14
49251688.0,Tumblr.png,True,True,13,1,2,14
49251689.0,TheWallStreetJournal.png,True,True,16,0,0,16
49251690.0,subject-303.png,False,True,4,10,1,14
49251691.0,SprintBill.png,False,True,8,8,0,16
49251692.0,Sprint.png,True,True,14,1,1,15
49251693.0,Snapchat.png,False,True,0,15,0,15
49251694.0,Messenger.png,False,True,0,16,0,16
49251695.0,IRS.png,True,True,16,0,1,16
49251696.0,gmail.png,False,True,10,5,0,15
49251697.0,Firmoo.png,False,True,9,8,3,17
49251698.0,fedex.png,True,True,19,0,1,19
49251699.0,EmmailFialure.png,False,True,8,8,3,16
49251700.0,ebay.png,True,True,15,3,1,18
49251701.0,Dropbox.png,True,True,18,1,1,19
49251702.0,Discover.png,True,True,15,3,2,18
49251703.0,craigslist.png,True,True,6,16,1,22
49251704.0,Box.png,True,True,16,2,0,18
52846958.0,ht928.jpg,False,False,2,15,2,17
52846959.0,ht929.jpg,False,False,2,17,1,19
52846961.0,ht930.jpg,False,False,4,11,4,15
52846962.0,ht931.jpg,False,False,0,17,2,17
52846964.0,ht932.jpg,False,False,3,15,1,18
52846965.0,ht933.jpg,False,False,0,17,1,17
52846966.0,ht934.jpg,False,False,0,18,1,18
52846968.0,ht935.jpg,False,False,1,17,1,18
52846969.0,ht936.jpg,False,False,2,15,1,17
52846970.0,ht937.jpg,False,False,0,16,0,16
52846972.0,ht938.jpg,False,False,0,14,2,14
52846973.0,ht939.jpg,False,False,6,13,0,19
52846974.0,ht940.jpg,False,False,9,9,2,18
52846975.0,ht941.jpg,False,False,3,17,1,20
52846976.0,ht942.jpg,False,False,3,14,4,17
52846977.0,ht943.jpg,False,False,3,15,0,18
52846978.0,ht944.jpg,False,False,2,15,3,17
52846979.0,ht945.jpg,False,False,0,15,1,15
52846980.0,ht946.jpg,False,False,1,16,3,17
52846981.0,ht947.jpg,False,False,1,17,1,18
52846983.0,ht948.jpg,False,False,2,11,5,13
52846985.0,ht949.jpg,False,False,6,10,1,16
52846987.0,ht950.jpg,False,False,2,17,1,19
52846989.0,ht951.jpg,False,False,1,17,2,18
52846990.0,ht952.jpg,False,False,1,17,3,18
52846992.0,ht953.jpg,False,False,2,17,0,19
52846993.0,ht954.jpg,False,False,1,18,1,19
52846995.0,ht955.jpg,False,False,2,14,1,16
52846996.0,ht956.jpg,False,False,2,17,1,19
52846998.0,ht957.jpg,False,False,3,14,2,17
52846999.0,ht958.jpg,False,False,2,15,1,17
52847000.0,ht959.jpg,False,False,4,13,1,17
52847002.0,ht960.jpg,False,False,2,16,3,18
52847003.0,ht961.jpg,False,False,2,16,2,18
52847005.0,ht962.jpg,False,False,10,6,2,16
52847006.0,ht963.jpg,False,False,0,19,0,19
52847007.0,ht964.jpg,False,False,2,14,3,16
52847009.0,ht965.jpg,False,False,1,17,1,18
52847011.0,ht966.jpg,False,False,5,10,2,15
52847012.0,ht967.jpg,False,False,6,11,1,17
52847014.0,ht968.jpg,False,False,1,18,1,19
52847015.0,ht969.jpg,False,False,3,13,3,16
52847016.0,ht970.jpg,False,False,2,14,2,16
52847018.0,ht971.jpg,False,False,2,13,0,15
52847019.0,ht972.jpg,False,False,0,15,0,15
52847021.0,ht973.jpg,False,False,0,15,0,15
52847022.0,ht974.jpg,False,False,1,14,0,15
52847024.0,ht975.jpg,False,False,1,14,0,15
52847025.0,ht976.jpg,False,False,0,14,1,14
52847027.0,ht977.jpg,False,False,0,14,1,14
52847028.0,ht978.jpg,False,False,3,12,0,15
52847030.0,ht979.jpg,False,False,5,10,0,15
52847031.0,ht980.jpg,False,False,1,14,0,15
52847033.0,ht981.jpg,False,False,4,10,1,14
52847034.0,ht982.jpg,False,False,1,14,0,15
52847036.0,ht983.jpg,False,False,1,14,0,15
52836956.0,hp1.jpg,True,False,9,6,0,15
52837058.0,hp2.jpg,True,False,4,10,1,14
52837060.0,hp3.jpg,True,False,14,0,1,14
52837063.0,hp4.jpg,True,False,10,5,0,15
52837064.0,hp5.jpg,True,False,13,2,0,15
52837066.0,hp6.jpg,True,False,14,1,0,15
52837068.0,hp7.jpg,True,False,10,5,0,15
52837069.0,hp8.jpg,True,False,10,3,2,13
52837071.0,hp9.jpg,True,False,9,5,1,14
52837072.0,hp10.jpg,True,False,14,0,1,14
52837123.0,hp11.jpg,True,False,13,2,0,15
52837125.0,hp12.jpg,True,False,5,9,1,14
52837126.0,hp13.jpg,True,False,5,8,3,13
52837127.0,hp14.jpg,True,False,12,3,0,15
52837128.0,hp15.jpg,True,False,4,11,0,15
52837130.0,hp16.jpg,True,False,14,1,0,15
52837131.0,hp17.jpg,True,False,9,4,2,13
52837133.0,hp18.jpg,True,False,11,4,0,15
52837134.0,hp19.jpg,True,False,5,9,1,14
52837136.0,hp20.jpg,True,False,12,3,0,15
52837137.0,hp21.jpg,True,False,13,2,0,15
52837139.0,hp22.jpg,True,False,14,1,0,15
52837141.0,hp23.jpg,True,False,11,4,0,15
52837142.0,hp24.jpg,True,False,11,2,2,13
52837144.0,hp25.jpg,True,False,5,9,1,14
52837145.0,hp26.jpg,True,False,13,2,0,15
52837146.0,hp27.jpg,True,False,9,6,0,15
52837147.0,hp28.jpg,True,False,15,0,0,15
52837149.0,hp29.jpg,True,False,7,7,1,14
52837150.0,hp30.jpg,True,False,12,3,0,15
52837151.0,hp31.jpg,True,False,13,2,0,15
52837153.0,hp32.jpg,True,False,5,9,1,14
52837154.0,hp33.jpg,True,False,10,5,0,15
52837155.0,hp34.jpg,True,False,7,7,1,14
52837156.0,hp35.jpg,True,False,12,2,1,14
52837158.0,hp36.jpg,True,False,7,7,1,14
52837160.0,hp37.jpg,True,False,9,5,1,14
52837161.0,hp38.jpg,True,False,11,3,1,14
52837162.0,hp39.jpg,True,False,13,2,0,15
52837164.0,hp40.jpg,True,False,13,1,1,14
52837165.0,hp41.jpg,True,False,14,1,0,15
52837167.0,hp42.jpg,True,False,13,1,1,14
52837168.0,hp43.jpg,True,False,12,3,0,15
52837170.0,hp44.jpg,True,False,20,0,0,20
52837171.0,hp45.jpg,True,False,11,4,0,15
52837172.0,hp46.jpg,True,False,13,2,0,15
52837174.0,hp47.jpg,True,False,12,3,0,15
52837175.0,hp48.jpg,True,False,15,1,0,16
52837177.0,hp49.jpg,True,False,12,3,0,15
52837178.0,hp50.jpg,True,False,9,5,1,14
52837205.0,hp51.jpg,True,False,9,6,0,15
52837208.0,hp52.jpg,True,False,11,4,0,15
52837209.0,hp53.jpg,True,False,11,4,1,15
52837210.0,hp54.jpg,True,False,14,1,0,15
52837211.0,hp55.jpg,True,False,10,4,1,14
52837212.0,hp56.jpg,True,False,12,2,1,14
52837213.0,hp57.jpg,True,False,14,1,0,15
52837214.0,hp58.jpg,True,False,12,3,0,15
52837215.0,hp59.jpg,True,False,9,5,1,14
52837216.0,hp60.jpg,True,False,8,5,2,13
52837217.0,hp61.jpg,True,False,11,3,1,14
52837218.0,hp62.jpg,True,False,14,1,0,15
52837219.0,hp63.jpg,True,False,14,1,0,15
52837220.0,hp64.jpg,True,False,15,0,0,15
52837221.0,hp65.jpg,True,False,13,2,0,15
52837222.0,hp66.jpg,True,False,15,1,0,16
52837223.0,hp67.jpg,True,False,13,2,0,15
52837224.0,hp68.jpg,True,False,15,0,0,15
52837226.0,hp69.jpg,True,False,15,0,0,15
52837227.0,hp70.jpg,True,False,11,3,1,14
52837228.0,hp71.jpg,True,False,13,2,0,15
52837230.0,hp72.jpg,True,False,8,6,1,14
52837231.0,hp73.jpg,True,False,10,5,0,15
52837232.0,hp74.jpg,True,False,9,5,1,14
52837234.0,hp75.jpg,True,False,8,6,1,14
52837235.0,hp76.jpg,True,False,13,0,2,13
52837237.0,hp77.jpg,True,False,14,1,0,15
52837238.0,hp78.jpg,True,False,3,12,0,15
52837239.0,hp79.jpg,True,False,13,2,0,15
52837241.0,hp80.jpg,True,False,8,6,1,14
52837242.0,hp81.jpg,True,False,10,4,1,14
52837244.0,hp82.jpg,True,False,13,2,0,15
52837245.0,hp83.jpg,True,False,13,2,0,15
52837246.0,hp84.jpg,True,False,12,2,1,14
52837248.0,hp85.jpg,True,False,14,2,0,16
52847060.0,ht999.jpg,False,False,0,15,0,15
52847061.0,ht1000.jpg,False,False,2,11,2,13
52847372.0,ht1001.jpg,False,False,1,14,1,15
52847377.0,ht1002.jpg,False,False,0,14,1,14
52847379.0,ht1003.jpg,False,False,3,11,1,14
52847381.0,ht1004.jpg,False,False,1,14,0,15
52847382.0,ht1005.jpg,False,False,2,13,0,15
52847384.0,ht1006.jpg,False,False,2,13,0,15
52847385.0,ht1007.jpg,False,False,0,15,0,15
52847387.0,ht1008.jpg,False,False,3,12,0,15
52847389.0,ht1009.jpg,False,False,4,11,0,15
52847390.0,ht1010.jpg,False,False,0,15,0,15
52847391.0,ht1011.jpg,False,False,2,12,1,14
52847393.0,ht1012.jpg,False,False,0,15,0,15
52847394.0,ht1013.jpg,False,False,0,15,0,15
52847395.0,ht1014.jpg,False,False,2,12,2,14
52847397.0,ht1015.jpg,False,False,1,13,1,14
52847398.0,ht1016.jpg,False,False,5,10,1,15
52847400.0,ht1017.jpg,False,False,0,15,0,15
52847401.0,ht1018.jpg,False,False,7,6,2,13
52847402.0,ht1019.jpg,False,False,5,3,7,8
52847404.0,ht1020.jpg,False,False,4,10,1,14
52847405.0,ht1021.jpg,False,False,3,13,0,16
52847406.0,ht1022.jpg,False,False,6,9,0,15
52847408.0,ht1023.jpg,False,False,0,15,0,15
52847409.0,ht1024.jpg,False,False,2,13,0,15
52847411.0,ht1025.jpg,False,False,0,14,1,14
52847412.0,ht1026.jpg,False,False,11,4,1,15
52847413.0,ht1027.jpg,False,False,4,11,0,15
52847415.0,ht1028.jpg,False,False,6,7,2,13
52847416.0,ht1029.jpg,False,False,0,15,0,15
52847418.0,ht1030.jpg,False,False,8,6,1,14
52847420.0,ht1031.jpg,False,False,14,0,1,14
52847421.0,ht1032.jpg,False,False,2,13,0,15
52847423.0,ht1033.jpg,False,False,2,12,1,14
52847425.0,ht1034.jpg,False,False,0,15,0,15
52847426.0,ht1035.jpg,False,False,1,13,1,14
52847428.0,ht1036.jpg,False,False,6,8,1,14
52847429.0,ht1037.jpg,False,False,0,15,0,15
52847431.0,ht1038.jpg,False,False,6,9,0,15
52847432.0,ht1039.jpg,False,False,0,14,1,14
52847434.0,ht1040.jpg,False,False,9,6,0,15
52847435.0,ht1041.jpg,False,False,5,10,0,15
52847436.0,ht1042.jpg,False,False,0,13,2,13
52847438.0,ht1043.jpg,False,False,1,13,1,14
52847440.0,ht1044.jpg,False,False,0,14,1,14
52847441.0,ht1045.jpg,False,False,1,14,0,15
52847442.0,ht1046.jpg,False,False,5,9,1,14
52847443.0,ht1047.jpg,False,False,1,12,2,13
52847444.0,ht1048.jpg,False,False,2,12,1,14
52847445.0,ht1049.jpg,False,False,1,14,0,15
52847446.0,ht1050.jpg,False,False,5,9,1,14
52847447.0,ht1051.jpg,False,False,3,10,2,13
52847448.0,ht1052.jpg,False,False,0,14,1,14
52847449.0,ht1053.jpg,False,False,2,13,0,15
52847450.0,ht1054.jpg,False,False,1,14,0,15
52847451.0,ht1055.jpg,False,False,8,7,0,15
52847452.0,ht1056.jpg,False,False,1,14,0,15
52847453.0,ht1057.jpg,False,False,2,11,2,13
52847454.0,ht1058.jpg,False,False,3,12,0,15
52847455.0,ht1059.jpg,False,False,3,12,0,15
52847456.0,ht1060.jpg,False,False,8,5,2,13
52847457.0,ht1061.jpg,False,False,1,13,1,14
52847459.0,ht1062.jpg,False,False,7,8,0,15
52847460.0,ht1063.jpg,False,False,2,13,0,15
52847462.0,ht1064.jpg,False,False,1,14,0,15
52847463.0,ht1065.jpg,False,False,3,10,2,13
52847464.0,ht1066.jpg,False,False,8,5,2,13
52847466.0,ht1067.jpg,False,False,1,15,0,16
52847467.0,ht1068.jpg,False,False,3,12,0,15
52847468.0,ht1069.jpg,False,False,0,14,1,14
52838510.0,hp702.jpg,True,False,3,11,1,14
52838511.0,hp703.jpg,True,False,14,1,0,15
52838514.0,hp704.jpg,True,False,14,0,1,14
52838515.0,hp705.jpg,True,False,13,2,0,15
52838517.0,hp706.jpg,True,False,14,0,1,14
52838519.0,hp707.jpg,True,False,7,8,0,15
52838520.0,hp708.jpg,True,False,8,6,1,14
52838523.0,hp709.jpg,True,False,14,1,1,15
52838525.0,hp710.jpg,True,False,14,1,0,15
52838528.0,hp711.jpg,True,False,10,5,0,15
52838529.0,hp712.jpg,True,False,13,2,0,15
52838531.0,hp713.jpg,True,False,14,1,0,15
52838533.0,hp714.jpg,True,False,4,11,0,15
52838535.0,hp715.jpg,True,False,14,1,0,15
52838538.0,hp716.jpg,True,False,10,5,0,15
52838539.0,hp717.jpg,True,False,15,0,0,15
52838541.0,hp718.jpg,True,False,13,1,1,14
52838545.0,hp719.jpg,True,False,13,1,1,14
52838547.0,hp720.jpg,True,False,15,0,0,15
52838549.0,hp721.jpg,True,False,14,1,0,15
52838550.0,hp722.jpg,True,False,14,1,0,15
52838553.0,hp723.jpg,True,False,15,0,0,15
52838555.0,hp724.jpg,True,False,14,0,1,14
52838558.0,hp725.jpg,True,False,15,0,0,15
52838633.0,hp726.jpg,True,False,13,2,0,15
52838635.0,hp727.jpg,True,False,15,0,0,15
52838636.0,hp728.jpg,True,False,12,3,0,15
52838637.0,hp729.jpg,True,False,2,12,1,14
52838639.0,hp730.jpg,True,False,12,3,0,15
52838640.0,hp731.jpg,True,False,15,0,0,15
52838642.0,hp732.jpg,True,False,14,1,0,15
52838643.0,hp733.jpg,True,False,13,2,0,15
52838645.0,hp734.jpg,True,False,16,0,0,16
52838646.0,hp735.jpg,True,False,1,14,0,15
52838647.0,hp736.jpg,True,False,12,2,1,14
52838649.0,hp737.jpg,True,False,6,7,2,13
52838651.0,hp738.jpg,True,False,14,0,1,14
52838652.0,hp739.jpg,True,False,10,5,0,15
52838653.0,hp740.jpg,True,False,10,4,1,14
52838655.0,hp741.jpg,True,False,10,4,1,14
52838656.0,hp742.jpg,True,False,5,10,0,15
52843117.0,ht209.jpg,False,False,0,15,0,15
52843124.0,ht210.jpg,False,False,4,10,1,14
52843126.0,ht211.jpg,False,False,1,14,0,15
52843127.0,ht212.jpg,False,False,2,12,1,14
52843129.0,ht213.jpg,False,False,4,10,1,14
52843135.0,ht214.jpg,False,False,1,14,0,15
52843136.0,ht215.jpg,False,False,3,11,1,14
52843138.0,ht216.jpg,False,False,0,15,0,15
52843139.0,ht217.jpg,False,False,1,13,1,14
52843140.0,ht218.jpg,False,False,1,13,1,14
52843143.0,ht219.jpg,False,False,1,13,1,14
52843148.0,ht220.jpg,False,False,3,11,1,14
52843149.0,ht221.jpg,False,False,3,11,1,14
52843150.0,ht222.jpg,False,False,3,12,0,15
52843152.0,ht223.jpg,False,False,0,15,0,15
52843158.0,ht224.jpg,False,False,5,9,1,14
52843160.0,ht225.jpg,False,False,0,14,1,14
52843161.0,ht226.jpg,False,False,1,14,0,15
52843163.0,ht227.jpg,False,False,1,13,1,14
52843164.0,ht228.jpg,False,False,4,11,0,15
52843170.0,ht229.jpg,False,False,0,15,0,15
52843172.0,ht230.jpg,False,False,2,13,0,15
52843173.0,ht231.jpg,False,False,1,14,0,15
52843174.0,ht232.jpg,False,False,2,13,0,15
52843176.0,ht233.jpg,False,False,4,10,1,14
52843178.0,ht234.jpg,False,False,4,10,1,14
52843184.0,ht235.jpg,False,False,5,8,2,13
52843185.0,ht236.jpg,False,False,2,10,3,12
52843187.0,ht237.jpg,False,False,2,12,1,14
52843188.0,ht238.jpg,False,False,2,12,1,14
52843194.0,ht239.jpg,False,False,1,14,0,15
52843196.0,ht240.jpg,False,False,0,15,0,15
52843198.0,ht241.jpg,False,False,0,14,1,14
52843199.0,ht242.jpg,False,False,1,13,1,14
52843200.0,ht243.jpg,False,False,6,9,0,15
52843207.0,ht244.jpg,False,False,2,13,0,15
52843208.0,ht245.jpg,False,False,2,13,0,15
52843209.0,ht246.jpg,False,False,7,7,1,14
52843210.0,ht247.jpg,False,False,0,14,1,14
52843216.0,ht248.jpg,False,False,1,14,0,15
52843217.0,ht249.jpg,False,False,0,14,1,14
52843218.0,ht250.jpg,False,False,2,13,0,15
52843219.0,ht251.jpg,False,False,4,10,1,14
52843224.0,ht252.jpg,False,False,0,14,1,14
52843226.0,ht253.jpg,False,False,1,14,0,15
52843227.0,ht254.jpg,False,False,2,12,1,14
52843228.0,ht255.jpg,False,False,1,14,0,15
52843230.0,ht256.jpg,False,False,0,14,1,14
52843235.0,ht257.jpg,False,False,0,15,0,15
52843236.0,ht258.jpg,False,False,0,14,1,14
52843237.0,ht259.jpg,False,False,2,13,0,15
52843238.0,ht260.jpg,False,False,0,15,0,15
52843239.0,ht261.jpg,False,False,0,13,2,13
52843245.0,ht262.jpg,False,False,1,14,0,15
52843246.0,ht263.jpg,False,False,0,15,0,15
52843247.0,ht264.jpg,False,False,3,12,0,15
52843248.0,ht265.jpg,False,False,5,10,0,15
52843250.0,ht266.jpg,False,False,0,15,0,15
52843251.0,ht267.jpg,False,False,3,10,2,13
52843257.0,ht268.jpg,False,False,0,15,0,15
52843258.0,ht269.jpg,False,False,1,13,1,14
52843260.0,ht270.jpg,False,False,1,14,1,15
52843261.0,ht271.jpg,False,False,0,15,0,15
52843268.0,ht272.jpg,False,False,2,13,0,15
52843269.0,ht273.jpg,False,False,2,12,1,14
52843271.0,ht274.jpg,False,False,1,13,1,14
52843273.0,ht275.jpg,False,False,0,15,0,15
52843279.0,ht276.jpg,False,False,0,14,1,14
52843281.0,ht277.jpg,False,False,0,15,0,15
52843282.0,ht278.jpg,False,False,1,14,0,15
52843284.0,ht279.jpg,False,False,1,13,1,14
52843287.0,ht280.jpg,False,False,1,14,0,15
52843292.0,ht281.jpg,False,False,1,15,1,16
52843293.0,ht282.jpg,False,False,0,15,0,15
52843295.0,ht283.jpg,False,False,2,13,0,15
52843296.0,ht284.jpg,False,False,0,15,0,15
52843300.0,ht285.jpg,False,False,0,14,1,14
52843304.0,ht286.jpg,False,False,1,14,0,15
52843305.0,ht287.jpg,False,False,1,12,2,13
52843308.0,ht288.jpg,False,False,5,9,2,14
52843310.0,ht289.jpg,False,False,7,8,0,15
52843314.0,ht290.jpg,False,False,1,14,0,15
52843316.0,ht291.jpg,False,False,7,8,0,15
52843317.0,ht292.jpg,False,False,1,14,0,15
52843319.0,ht293.jpg,False,False,0,14,1,14
52843323.0,ht294.jpg,False,False,9,6,0,15
52843326.0,ht295.jpg,False,False,1,13,1,14
52843329.0,ht296.jpg,False,False,0,14,1,14
52843330.0,ht297.jpg,False,False,2,13,1,15
52843331.0,ht298.jpg,False,False,4,11,0,15
52843333.0,ht299.jpg,False,False,5,9,1,14
52843336.0,ht300.jpg,False,False,7,8,0,15
52843480.0,ht301.jpg,False,False,1,13,1,14
52843484.0,ht302.jpg,False,False,7,8,0,15
52843487.0,ht303.jpg,False,False,3,10,3,13
52843488.0,ht304.jpg,False,False,5,9,1,14
52843490.0,ht305.jpg,False,False,2,13,0,15
52843491.0,ht306.jpg,False,False,0,14,1,14
52843493.0,ht307.jpg,False,False,2,13,0,15
52843495.0,ht308.jpg,False,False,1,15,0,16
52843496.0,ht309.jpg,False,False,5,9,1,14
52843497.0,ht310.jpg,False,False,6,7,2,13
52843499.0,ht311.jpg,False,False,0,14,2,14
52843500.0,ht312.jpg,False,False,0,14,1,14
52843502.0,ht313.jpg,False,False,6,8,1,14
52843503.0,ht314.jpg,False,False,0,14,1,14
52843504.0,ht315.jpg,False,False,2,14,1,16
52843506.0,ht316.jpg,False,False,2,12,1,14
52843507.0,ht317.jpg,False,False,0,15,1,15
52843509.0,ht318.jpg,False,False,0,14,1,14
52843510.0,ht319.jpg,False,False,2,13,0,15
52843512.0,ht320.jpg,False,False,6,8,1,14
52843513.0,ht321.jpg,False,False,0,14,1,14
52843514.0,ht322.jpg,False,False,1,14,0,15
52843516.0,ht323.jpg,False,False,6,8,1,14
52843517.0,ht324.jpg,False,False,4,11,0,15
52843518.0,ht325.jpg,False,False,1,14,0,15
52843519.0,ht326.jpg,False,False,4,9,2,13
52843521.0,ht327.jpg,False,False,11,1,3,12
52843522.0,ht328.jpg,False,False,2,12,1,14
52843524.0,ht329.jpg,False,False,0,14,1,14
52843527.0,ht330.jpg,False,False,3,12,0,15
52843528.0,ht331.jpg,False,False,4,9,2,13
52843530.0,ht332.jpg,False,False,6,9,2,15
52843531.0,ht333.jpg,False,False,1,14,0,15
52843533.0,ht334.jpg,False,False,1,15,0,16
52843535.0,ht335.jpg,False,False,6,8,1,14
52843536.0,ht336.jpg,False,False,1,14,0,15
52843537.0,ht337.jpg,False,False,3,10,2,13
52843539.0,ht338.jpg,False,False,0,14,1,14
52843540.0,ht339.jpg,False,False,0,15,0,15
52843542.0,ht340.jpg,False,False,1,13,1,14
52843543.0,ht341.jpg,False,False,5,10,0,15
52843545.0,ht342.jpg,False,False,4,11,0,15
52843547.0,ht343.jpg,False,False,2,13,0,15
52843548.0,ht344.jpg,False,False,2,13,0,15
52843549.0,ht345.jpg,False,False,2,12,1,14
52843551.0,ht346.jpg,False,False,2,12,1,14
52843553.0,ht347.jpg,False,False,7,7,1,14
52843554.0,ht348.jpg,False,False,12,3,0,15
52843555.0,ht349.jpg,False,False,2,14,0,16
52843557.0,ht350.jpg,False,False,3,12,0,15
52843558.0,ht351.jpg,False,False,1,14,0,15
52843560.0,ht352.jpg,False,False,0,15,1,15
52843561.0,ht353.jpg,False,False,1,13,1,14
52843563.0,ht354.jpg,False,False,0,13,2,13
52843564.0,ht355.jpg,False,False,2,12,1,14
52843565.0,ht356.jpg,False,False,7,8,0,15
52843566.0,ht357.jpg,False,False,0,14,1,14
52843568.0,ht358.jpg,False,False,3,12,0,15
52843569.0,ht359.jpg,False,False,5,10,0,15
52843571.0,ht360.jpg,False,False,0,13,2,13
52843572.0,ht361.jpg,False,False,0,15,0,15
52843574.0,ht362.jpg,False,False,5,8,2,13
52843575.0,ht363.jpg,False,False,10,5,0,15
52843577.0,ht364.jpg,False,False,9,5,1,14
52843578.0,ht365.jpg,False,False,2,11,2,13
52843579.0,ht366.jpg,False,False,9,6,0,15
52843581.0,ht367.jpg,False,False,5,9,1,14
52843582.0,ht368.jpg,False,False,1,14,0,15
52843584.0,ht369.jpg,False,False,8,7,0,15
52843586.0,ht370.jpg,False,False,3,12,0,15
52843587.0,ht371.jpg,False,False,1,13,1,14
52843589.0,ht372.jpg,False,False,2,12,1,14
52843591.0,ht373.jpg,False,False,1,14,0,15
52843593.0,ht374.jpg,False,False,3,12,0,15
52843594.0,ht375.jpg,False,False,10,1,4,11
52843595.0,ht376.jpg,False,False,2,13,0,15
52843596.0,ht377.jpg,False,False,3,12,0,15
52843597.0,ht378.jpg,False,False,3,12,1,15
52843598.0,ht379.jpg,False,False,1,14,0,15
52843599.0,ht380.jpg,False,False,11,4,0,15
52843600.0,ht381.jpg,False,False,0,12,3,12
52843601.0,ht382.jpg,False,False,3,12,0,15
52843602.0,ht383.jpg,False,False,7,7,1,14
52843603.0,ht384.jpg,False,False,4,10,1,14
52843604.0,ht385.jpg,False,False,6,5,4,11
52843605.0,ht386.jpg,False,False,0,15,0,15
52843606.0,ht387.jpg,False,False,0,15,0,15
52843607.0,ht388.jpg,False,False,1,12,2,13
52843608.0,ht389.jpg,False,False,2,13,0,15
52843609.0,ht390.jpg,False,False,1,14,0,15
52843610.0,ht391.jpg,False,False,2,13,0,15
52843611.0,ht392.jpg,False,False,0,14,1,14
52843612.0,ht393.jpg,False,False,4,10,1,14
52843614.0,ht394.jpg,False,False,5,10,0,15
52843616.0,ht395.jpg,False,False,3,12,0,15
52843617.0,ht396.jpg,False,False,1,15,0,16
52843619.0,ht397.jpg,False,False,4,10,1,14
52843620.0,ht398.jpg,False,False,1,13,1,14
52843622.0,ht399.jpg,False,False,4,11,0,15
52843623.0,ht400.jpg,False,False,1,13,1,14
52843625.0,ht401.jpg,False,False,2,13,0,15
52843629.0,ht402.jpg,False,False,3,11,1,14
52843631.0,ht403.jpg,False,False,8,6,1,14
52843633.0,ht404.jpg,False,False,2,13,0,15
52843634.0,ht405.jpg,False,False,5,10,0,15
52843636.0,ht406.jpg,False,False,1,10,4,11
52843637.0,ht407.jpg,False,False,8,5,2,13
52843638.0,ht408.jpg,False,False,9,4,2,13
52843640.0,ht409.jpg,False,False,2,13,0,15
52843641.0,ht410.jpg,False,False,2,13,0,15
52843643.0,ht411.jpg,False,False,2,13,0,15
52843644.0,ht412.jpg,False,False,6,9,0,15
52843645.0,ht413.jpg,False,False,9,7,0,16
52843647.0,ht414.jpg,False,False,1,14,0,15
52843649.0,ht415.jpg,False,False,1,11,3,12
52843650.0,ht416.jpg,False,False,0,15,0,15
52843651.0,ht417.jpg,False,False,7,5,3,12
52843653.0,ht418.jpg,False,False,3,10,2,13
52843654.0,ht419.jpg,False,False,0,15,0,15
52843656.0,ht420.jpg,False,False,4,11,0,15
52843657.0,ht421.jpg,False,False,11,3,1,14
52843658.0,ht422.jpg,False,False,2,12,1,14
52843660.0,ht423.jpg,False,False,2,13,0,15
52843662.0,ht424.jpg,False,False,5,9,1,14
52843663.0,ht425.jpg,False,False,9,5,2,14
52843664.0,ht426.jpg,False,False,0,16,0,16
52843666.0,ht427.jpg,False,False,3,12,0,15
52843667.0,ht428.jpg,False,False,1,12,2,13
52843669.0,ht429.jpg,False,False,3,11,1,14
52843670.0,ht430.jpg,False,False,3,13,0,16
52843671.0,ht431.jpg,False,False,1,14,0,15
52843673.0,ht432.jpg,False,False,0,14,1,14
52843674.0,ht433.jpg,False,False,0,15,0,15
52843675.0,ht434.jpg,False,False,7,7,1,14
52843677.0,ht435.jpg,False,False,5,10,0,15
52843678.0,ht436.jpg,False,False,1,14,0,15
52843679.0,ht437.jpg,False,False,1,14,0,15
52843681.0,ht438.jpg,False,False,4,10,1,14
52843682.0,ht439.jpg,False,False,0,14,1,14
52843683.0,ht440.jpg,False,False,2,12,1,14
52843685.0,ht441.jpg,False,False,2,13,0,15
52843686.0,ht442.jpg,False,False,8,6,1,14
52843688.0,ht443.jpg,False,False,3,12,0,15
52843690.0,ht444.jpg,False,False,1,13,1,14
52843691.0,ht445.jpg,False,False,1,14,0,15
52843693.0,ht446.jpg,False,False,5,10,0,15
52843695.0,ht447.jpg,False,False,6,7,2,13
52843696.0,ht448.jpg,False,False,2,12,1,14
52843698.0,ht449.jpg,False,False,4,9,2,13
52843699.0,ht450.jpg,False,False,1,12,2,13
52843700.0,ht451.jpg,False,False,1,14,0,15
52843702.0,ht452.jpg,False,False,1,14,0,15
52843704.0,ht453.jpg,False,False,0,14,1,14
52843705.0,ht454.jpg,False,False,0,14,1,14
52843707.0,ht455.jpg,False,False,2,13,0,15
52843709.0,ht456.jpg,False,False,0,15,0,15
52843710.0,ht457.jpg,False,False,0,15,0,15
52843711.0,ht458.jpg,False,False,2,12,2,14
52843713.0,ht459.jpg,False,False,2,13,0,15
52843714.0,ht460.jpg,False,False,1,14,0,15
52843715.0,ht461.jpg,False,False,7,8,0,15
52843717.0,ht462.jpg,False,False,2,13,0,15
52843718.0,ht463.jpg,False,False,2,13,0,15
52843719.0,ht464.jpg,False,False,0,13,2,13
52843721.0,ht465.jpg,False,False,2,12,1,14
52843722.0,ht466.jpg,False,False,5,10,1,15
52843723.0,ht467.jpg,False,False,1,14,0,15
52843725.0,ht468.jpg,False,False,3,11,1,14
52843726.0,ht469.jpg,False,False,0,15,0,15
52843727.0,ht470.jpg,False,False,0,15,0,15
52843729.0,ht471.jpg,False,False,7,9,0,16
52843730.0,ht472.jpg,False,False,2,13,0,15
52843732.0,ht473.jpg,False,False,1,14,0,15
52843734.0,ht474.jpg,False,False,4,10,2,14
52843735.0,ht475.jpg,False,False,0,14,1,14
52843737.0,ht476.jpg,False,False,6,7,2,13
52843738.0,ht477.jpg,False,False,2,13,0,15
52843739.0,ht478.jpg,False,False,4,9,2,13
52843741.0,ht479.jpg,False,False,8,4,3,12
52843742.0,ht480.jpg,False,False,4,11,0,15
52843743.0,ht481.jpg,False,False,3,12,0,15
52843745.0,ht482.jpg,False,False,1,12,2,13
52843747.0,ht483.jpg,False,False,1,14,0,15
52843748.0,ht484.jpg,False,False,0,14,1,14
52843749.0,ht485.jpg,False,False,1,13,1,14
52843750.0,ht486.jpg,False,False,2,14,0,16
52843752.0,ht487.jpg,False,False,2,13,0,15
52843753.0,ht488.jpg,False,False,0,14,1,14
52843755.0,ht489.jpg,False,False,3,12,0,15
52843756.0,ht490.jpg,False,False,1,14,0,15
52843758.0,ht491.jpg,False,False,0,15,0,15
52843759.0,ht492.jpg,False,False,2,13,0,15
52843760.0,ht493.jpg,False,False,2,13,0,15
52843762.0,ht494.jpg,False,False,0,14,1,14
52843763.0,ht495.jpg,False,False,1,14,0,15
52843764.0,ht496.jpg,False,False,1,14,0,15
52843766.0,ht497.jpg,False,False,2,13,0,15
52843768.0,ht498.jpg,False,False,0,12,3,12
52843770.0,ht499.jpg,False,False,0,15,0,15
52843771.0,ht500.jpg,False,False,1,13,1,14
52843915.0,ht501.jpg,False,False,4,11,0,15
52843919.0,ht502.jpg,False,False,2,13,0,15
52843921.0,ht503.jpg,False,False,3,12,0,15
52843923.0,ht504.jpg,False,False,2,13,0,15
52843924.0,ht505.jpg,False,False,1,14,1,15
52843925.0,ht506.jpg,False,False,1,14,0,15
52843926.0,ht507.jpg,False,False,0,15,0,15
52843927.0,ht508.jpg,False,False,0,14,1,14
52843928.0,ht509.jpg,False,False,4,11,0,15
52843929.0,ht510.jpg,False,False,3,12,0,15
52843930.0,ht511.jpg,False,False,3,12,0,15
52843931.0,ht512.jpg,False,False,0,15,0,15
52843932.0,ht513.jpg,False,False,2,12,1,14
52843933.0,ht514.jpg,False,False,0,15,0,15
52843934.0,ht515.jpg,False,False,2,12,1,14
52843935.0,ht516.jpg,False,False,7,3,5,10
52843936.0,ht517.jpg,False,False,1,14,0,15
52843937.0,ht518.jpg,False,False,0,15,0,15
52843938.0,ht519.jpg,False,False,0,14,1,14
52843939.0,ht520.jpg,False,False,1,13,1,14
52843940.0,ht521.jpg,False,False,1,14,0,15
52843941.0,ht522.jpg,False,False,12,3,0,15
52843942.0,ht523.jpg,False,False,2,15,0,17
52843944.0,ht524.jpg,False,False,0,14,1,14
52843945.0,ht525.jpg,False,False,1,14,0,15
52843947.0,ht526.jpg,False,False,1,12,2,13
52843948.0,ht527.jpg,False,False,0,14,1,14
52843950.0,ht528.jpg,False,False,0,15,0,15
52843951.0,ht529.jpg,False,False,1,12,2,13
52843953.0,ht530.jpg,False,False,2,13,0,15
52843954.0,ht531.jpg,False,False,1,13,1,14
52843956.0,ht532.jpg,False,False,1,14,0,15
52843957.0,ht533.jpg,False,False,3,12,1,15
52843959.0,ht534.jpg,False,False,1,14,0,15
52843960.0,ht535.jpg,False,False,2,13,0,15
52843962.0,ht536.jpg,False,False,5,10,0,15
52843963.0,ht537.jpg,False,False,4,11,0,15
52843965.0,ht538.jpg,False,False,6,9,0,15
52843966.0,ht539.jpg,False,False,2,13,0,15
52843967.0,ht540.jpg,False,False,4,9,2,13
52843969.0,ht541.jpg,False,False,5,8,2,13
52843970.0,ht542.jpg,False,False,1,14,0,15
52843971.0,ht543.jpg,False,False,3,12,0,15
52843973.0,ht544.jpg,False,False,0,14,1,14
52843975.0,ht545.jpg,False,False,3,10,2,13
52843976.0,ht546.jpg,False,False,4,11,0,15
52843977.0,ht547.jpg,False,False,2,13,0,15
52843979.0,ht548.jpg,False,False,8,5,2,13
52843980.0,ht549.jpg,False,False,1,14,0,15
52843982.0,ht550.jpg,False,False,0,15,0,15
52843983.0,ht551.jpg,False,False,3,12,0,15
52843984.0,ht552.jpg,False,False,8,6,1,14
52843986.0,ht553.jpg,False,False,1,14,0,15
52843987.0,ht554.jpg,False,False,4,9,2,13
52843988.0,ht555.jpg,False,False,1,14,0,15
52843990.0,ht556.jpg,False,False,5,10,0,15
52843991.0,ht557.jpg,False,False,4,10,1,14
52843993.0,ht558.jpg,False,False,3,12,0,15
52843994.0,ht559.jpg,False,False,4,11,0,15
52843996.0,ht560.jpg,False,False,1,15,0,16
52843997.0,ht561.jpg,False,False,2,13,0,15
52843998.0,ht562.jpg,False,False,0,15,0,15
52843999.0,ht563.jpg,False,False,0,14,1,14
52844001.0,ht564.jpg,False,False,3,11,1,14
52844002.0,ht565.jpg,False,False,3,7,5,10
52844004.0,ht566.jpg,False,False,0,14,1,14
52844005.0,ht567.jpg,False,False,2,13,0,15
52844006.0,ht568.jpg,False,False,2,13,1,15
52844008.0,ht569.jpg,False,False,2,13,0,15
52844009.0,ht570.jpg,False,False,4,9,2,13
52844010.0,ht571.jpg,False,False,4,11,0,15
52844012.0,ht572.jpg,False,False,2,12,1,14
52844013.0,ht573.jpg,False,False,12,4,0,16
52844014.0,ht574.jpg,False,False,5,10,0,15
52844016.0,ht575.jpg,False,False,2,13,0,15
52844017.0,ht576.jpg,False,False,4,11,0,15
52844018.0,ht577.jpg,False,False,3,11,1,14
52844020.0,ht578.jpg,False,False,1,14,0,15
52844022.0,ht579.jpg,False,False,4,11,0,15
52844023.0,ht580.jpg,False,False,5,9,1,14
52844024.0,ht581.jpg,False,False,3,11,1,14
52844025.0,ht582.jpg,False,False,0,14,1,14
52844026.0,ht583.jpg,False,False,8,7,0,15
52844027.0,ht584.jpg,False,False,0,15,0,15
52844029.0,ht585.jpg,False,False,1,13,1,14
52844031.0,ht586.jpg,False,False,4,11,0,15
52844032.0,ht587.jpg,False,False,1,13,3,14
52844034.0,ht588.jpg,False,False,1,12,2,13
52844035.0,ht589.jpg,False,False,1,14,0,15
52844037.0,ht590.jpg,False,False,0,15,0,15
52844038.0,ht591.jpg,False,False,0,15,0,15
52844039.0,ht592.jpg,False,False,1,14,0,15
52844041.0,ht593.jpg,False,False,2,12,1,14
52844043.0,ht594.jpg,False,False,2,12,1,14
52844044.0,ht595.jpg,False,False,1,14,0,15
52844045.0,ht596.jpg,False,False,4,10,1,14
52844047.0,ht597.jpg,False,False,3,12,0,15
52844049.0,ht598.jpg,False,False,1,15,0,16
52844050.0,ht599.jpg,False,False,1,13,1,14
52844051.0,ht600.jpg,False,False,0,15,0,15
52844062.0,ht601.jpg,False,False,2,12,1,14
52844066.0,ht602.jpg,False,False,1,13,1,14
52844069.0,ht603.jpg,False,False,0,15,0,15
52844071.0,ht604.jpg,False,False,0,14,1,14
52844072.0,ht605.jpg,False,False,0,15,0,15
52844074.0,ht606.jpg,False,False,6,9,0,15
52844076.0,ht607.jpg,False,False,1,13,1,14
52844077.0,ht608.jpg,False,False,1,13,1,14
52844079.0,ht609.jpg,False,False,0,15,0,15
52844080.0,ht610.jpg,False,False,1,14,0,15
52844082.0,ht611.jpg,False,False,2,12,1,14
52844083.0,ht612.jpg,False,False,3,12,0,15
52844085.0,ht613.jpg,False,False,4,11,0,15
52844086.0,ht614.jpg,False,False,2,10,3,12
52844088.0,ht615.jpg,False,False,4,10,1,14
52844090.0,ht616.jpg,False,False,3,12,0,15
52844092.0,ht617.jpg,False,False,1,14,0,15
52844093.0,ht618.jpg,False,False,0,15,0,15
52844095.0,ht619.jpg,False,False,1,13,1,14
52844097.0,ht620.jpg,False,False,5,10,0,15
52844099.0,ht621.jpg,False,False,0,15,0,15
52844100.0,ht622.jpg,False,False,0,15,0,15
52844102.0,ht623.jpg,False,False,4,11,0,15
52844103.0,ht624.jpg,False,False,3,12,0,15
52844105.0,ht625.jpg,False,False,3,12,0,15
52844106.0,ht626.jpg,False,False,0,15,0,15
52844107.0,ht627.jpg,False,False,1,12,2,13
52844109.0,ht628.jpg,False,False,2,12,1,14
52844110.0,ht629.jpg,False,False,4,11,0,15
52844112.0,ht630.jpg,False,False,2,13,0,15
52844115.0,ht631.jpg,False,False,1,14,0,15
52844117.0,ht632.jpg,False,False,2,12,1,14
52844118.0,ht633.jpg,False,False,0,15,0,15
52844120.0,ht634.jpg,False,False,4,11,0,15
52844122.0,ht635.jpg,False,False,0,14,1,14
52844123.0,ht636.jpg,False,False,0,14,1,14
52844125.0,ht637.jpg,False,False,1,14,0,15
52844127.0,ht638.jpg,False,False,1,14,0,15
52844128.0,ht639.jpg,False,False,1,14,0,15
52844130.0,ht640.jpg,False,False,0,14,1,14
52844132.0,ht641.jpg,False,False,2,13,0,15
52844134.0,ht642.jpg,False,False,1,14,0,15
52844135.0,ht643.jpg,False,False,3,12,0,15
52844137.0,ht644.jpg,False,False,3,12,0,15
52844138.0,ht645.jpg,False,False,0,15,0,15
52844140.0,ht646.jpg,False,False,1,14,2,15
52844142.0,ht647.jpg,False,False,1,13,1,14
52844143.0,ht648.jpg,False,False,3,11,1,14
52844144.0,ht649.jpg,False,False,9,6,0,15
52844146.0,ht650.jpg,False,False,1,13,1,14
52844148.0,ht651.jpg,False,False,7,6,2,13
52844150.0,ht652.jpg,False,False,5,9,1,14
52844151.0,ht653.jpg,False,False,2,12,1,14
52844152.0,ht654.jpg,False,False,1,14,0,15
52844154.0,ht655.jpg,False,False,0,15,0,15
52844155.0,ht656.jpg,False,False,1,14,0,15
52844157.0,ht657.jpg,False,False,0,15,0,15
52844158.0,ht658.jpg,False,False,4,11,1,15
52844160.0,ht659.jpg,False,False,4,10,1,14
52844161.0,ht660.jpg,False,False,2,13,0,15
52844162.0,ht661.jpg,False,False,4,10,1,14
52844164.0,ht662.jpg,False,False,2,13,0,15
52844165.0,ht663.jpg,False,False,2,13,0,15
52844167.0,ht664.jpg,False,False,1,14,2,15
52844168.0,ht665.jpg,False,False,2,12,1,14
52844169.0,ht666.jpg,False,False,2,12,1,14
52844171.0,ht667.jpg,False,False,2,12,1,14
52844173.0,ht668.jpg,False,False,0,14,1,14
52844174.0,ht669.jpg,False,False,2,12,1,14
52844176.0,ht670.jpg,False,False,1,13,1,14
52844177.0,ht671.jpg,False,False,4,11,0,15
52844179.0,ht672.jpg,False,False,1,14,0,15
52844181.0,ht673.jpg,False,False,3,11,1,14
52844182.0,ht674.jpg,False,False,0,15,0,15
52844183.0,ht675.jpg,False,False,0,15,0,15
52844185.0,ht676.jpg,False,False,0,13,2,13
52844186.0,ht677.jpg,False,False,2,12,1,14
52844188.0,ht678.jpg,False,False,0,12,3,12
52844189.0,ht679.jpg,False,False,2,13,0,15
52844190.0,ht680.jpg,False,False,1,14,0,15
52844192.0,ht681.jpg,False,False,3,11,1,14
52844193.0,ht682.jpg,False,False,0,15,0,15
52844195.0,ht683.jpg,False,False,1,13,1,14
52844196.0,ht684.jpg,False,False,1,14,0,15
52844198.0,ht685.jpg,False,False,2,11,2,13
52844199.0,ht686.jpg,False,False,0,13,2,13
52844200.0,ht687.jpg,False,False,7,6,2,13
52844202.0,ht688.jpg,False,False,4,11,0,15
52844203.0,ht689.jpg,False,False,2,13,0,15
52844205.0,ht690.jpg,False,False,0,14,2,14
52844206.0,ht691.jpg,False,False,0,15,0,15
52844208.0,ht692.jpg,False,False,0,14,1,14
52844209.0,ht693.jpg,False,False,3,12,0,15
52844211.0,ht694.jpg,False,False,0,14,1,14
52844212.0,ht695.jpg,False,False,0,14,1,14
52844213.0,ht696.jpg,False,False,4,11,0,15
52844215.0,ht697.jpg,False,False,2,13,0,15
52844216.0,ht698.jpg,False,False,4,11,0,15
52844218.0,ht699.jpg,False,False,1,14,0,15
52844219.0,ht700.jpg,False,False,2,13,0,15
52844255.0,ht701.jpg,False,False,3,11,1,14
52844259.0,ht702.jpg,False,False,5,9,1,14
52844261.0,ht703.jpg,False,False,4,11,0,15
52844263.0,ht704.jpg,False,False,4,8,3,12
52844265.0,ht705.jpg,False,False,8,6,1,14
52844266.0,ht706.jpg,False,False,6,9,0,15
52844268.0,ht707.jpg,False,False,2,13,0,15
52844269.0,ht708.jpg,False,False,4,11,0,15
52844270.0,ht709.jpg,False,False,0,14,1,14
52844272.0,ht710.jpg,False,False,5,10,0,15
52844273.0,ht711.jpg,False,False,2,12,1,14
52844274.0,ht712.jpg,False,False,0,15,0,15
52844276.0,ht713.jpg,False,False,1,14,0,15
52844277.0,ht714.jpg,False,False,6,8,1,14
52844278.0,ht715.jpg,False,False,0,15,0,15
52844280.0,ht716.jpg,False,False,0,15,0,15
52844281.0,ht717.jpg,False,False,0,12,3,12
52844282.0,ht718.jpg,False,False,3,11,1,14
52844284.0,ht719.jpg,False,False,0,13,2,13
52844285.0,ht720.jpg,False,False,3,12,0,15
52844287.0,ht721.jpg,False,False,1,14,0,15
52844288.0,ht722.jpg,False,False,1,14,0,15
52844289.0,ht723.jpg,False,False,0,15,0,15
52844290.0,ht724.jpg,False,False,6,9,0,15
52844293.0,ht725.jpg,False,False,0,16,0,16
52844294.0,ht726.jpg,False,False,2,12,1,14
52844296.0,ht727.jpg,False,False,2,12,1,14
52844297.0,ht728.jpg,False,False,1,14,0,15
52844298.0,ht729.jpg,False,False,3,12,0,15
52844300.0,ht730.jpg,False,False,0,15,0,15
52844301.0,ht731.jpg,False,False,0,13,2,13
52844303.0,ht732.jpg,False,False,3,12,0,15
52844304.0,ht733.jpg,False,False,0,15,0,15
52844306.0,ht734.jpg,False,False,0,14,1,14
52844307.0,ht735.jpg,False,False,10,4,1,14
52844308.0,ht736.jpg,False,False,0,15,0,15
52844310.0,ht737.jpg,False,False,3,12,0,15
52844312.0,ht738.jpg,False,False,2,14,0,16
52844313.0,ht739.jpg,False,False,4,11,0,15
52844315.0,ht740.jpg,False,False,2,14,0,16
52844316.0,ht741.jpg,False,False,1,15,0,16
52844317.0,ht742.jpg,False,False,0,15,0,15
52844319.0,ht743.jpg,False,False,4,11,0,15
52844320.0,ht744.jpg,False,False,1,14,0,15
52844321.0,ht745.jpg,False,False,1,12,2,13
52844323.0,ht746.jpg,False,False,0,15,0,15
52844324.0,ht747.jpg,False,False,0,15,0,15
52844326.0,ht748.jpg,False,False,1,13,1,14
52844327.0,ht749.jpg,False,False,2,13,0,15
52844328.0,ht750.jpg,False,False,3,12,0,15
52844330.0,ht751.jpg,False,False,1,14,0,15
52844332.0,ht752.jpg,False,False,2,13,0,15
52844333.0,ht753.jpg,False,False,1,12,2,13
52844334.0,ht754.jpg,False,False,1,13,1,14
52844336.0,ht755.jpg,False,False,0,15,0,15
52844337.0,ht756.jpg,False,False,2,13,0,15
52844339.0,ht757.jpg,False,False,4,7,4,11
52844340.0,ht758.jpg,False,False,1,13,1,14
52844342.0,ht759.jpg,False,False,1,14,0,15
52844343.0,ht760.jpg,False,False,0,13,2,13
52844345.0,ht761.jpg,False,False,0,15,0,15
52844346.0,ht762.jpg,False,False,0,15,0,15
52844347.0,ht763.jpg,False,False,2,13,0,15
52844349.0,ht764.jpg,False,False,5,10,0,15
52844350.0,ht765.jpg,False,False,0,15,0,15
52844352.0,ht766.jpg,False,False,2,11,2,13
52844353.0,ht767.jpg,False,False,0,15,0,15
52844354.0,ht768.jpg,False,False,0,15,0,15
52844356.0,ht769.jpg,False,False,0,15,0,15
52844357.0,ht770.jpg,False,False,0,15,0,15
52844359.0,ht771.jpg,False,False,0,15,1,15
52844360.0,ht772.jpg,False,False,0,15,0,15
52844362.0,ht773.jpg,False,False,0,13,2,13
52844364.0,ht774.jpg,False,False,2,12,1,14
52844365.0,ht775.jpg,False,False,1,14,0,15
52844366.0,ht776.jpg,False,False,1,14,0,15
52844367.0,ht777.jpg,False,False,10,4,1,14
52844369.0,ht778.jpg,False,False,1,13,1,14
52844370.0,ht779.jpg,False,False,0,14,1,14
52844371.0,ht780.jpg,False,False,7,8,0,15
52844373.0,ht781.jpg,False,False,0,14,1,14
52844374.0,ht782.jpg,False,False,0,15,0,15
52844375.0,ht783.jpg,False,False,6,9,0,15
52844377.0,ht784.jpg,False,False,0,14,1,14
52844378.0,ht785.jpg,False,False,4,11,0,15
52844379.0,ht786.jpg,False,False,3,12,0,15
52844381.0,ht787.jpg,False,False,1,14,0,15
52844382.0,ht788.jpg,False,False,2,14,0,16
52844384.0,ht789.jpg,False,False,1,14,0,15
52844385.0,ht790.jpg,False,False,0,15,0,15
52844386.0,ht791.jpg,False,False,11,4,0,15
52844388.0,ht792.jpg,False,False,0,15,0,15
52844389.0,ht793.jpg,False,False,1,13,1,14
52844391.0,ht794.jpg,False,False,2,12,1,14
52844392.0,ht795.jpg,False,False,3,11,1,14
52844394.0,ht796.jpg,False,False,0,15,0,15
52844395.0,ht797.jpg,False,False,2,13,0,15
52844396.0,ht798.jpg,False,False,3,9,3,12
52844398.0,ht799.jpg,False,False,1,13,0,14
52844400.0,ht800.jpg,False,False,10,5,0,15
52844425.0,ht801.jpg,False,False,7,8,0,15
52844428.0,ht802.jpg,False,False,0,14,1,14
52844431.0,ht803.jpg,False,False,1,14,0,15
52844433.0,ht804.jpg,False,False,2,13,0,15
52844435.0,ht805.jpg,False,False,1,14,0,15
52844436.0,ht806.jpg,False,False,8,6,1,14
52844438.0,ht807.jpg,False,False,5,10,0,15
52844439.0,ht808.jpg,False,False,0,15,0,15
52844441.0,ht809.jpg,False,False,6,9,0,15
52844442.0,ht810.jpg,False,False,0,15,0,15
52844444.0,ht811.jpg,False,False,1,11,3,12
52844445.0,ht812.jpg,False,False,0,14,1,14
52844447.0,ht813.jpg,False,False,5,10,0,15
52844448.0,ht814.jpg,False,False,2,13,0,15
52844450.0,ht815.jpg,False,False,0,15,0,15
52844451.0,ht816.jpg,False,False,2,13,0,15
52844453.0,ht817.jpg,False,False,4,11,0,15
52844455.0,ht818.jpg,False,False,2,12,1,14
52844456.0,ht819.jpg,False,False,0,15,0,15
52844458.0,ht820.jpg,False,False,1,13,1,14
52844459.0,ht821.jpg,False,False,2,13,0,15
52844461.0,ht822.jpg,False,False,6,9,0,15
52844462.0,ht823.jpg,False,False,5,10,0,15
52844463.0,ht824.jpg,False,False,6,7,4,13
52844465.0,ht825.jpg,False,False,4,11,0,15
52844466.0,ht826.jpg,False,False,5,10,0,15
52844468.0,ht827.jpg,False,False,4,11,0,15
52844469.0,ht828.jpg,False,False,5,9,1,14
52844470.0,ht829.jpg,False,False,1,13,1,14
52844472.0,ht830.jpg,False,False,3,12,0,15
52844473.0,ht831.jpg,False,False,5,9,1,14
52844474.0,ht832.jpg,False,False,3,12,0,15
52844476.0,ht833.jpg,False,False,1,15,0,16
52844477.0,ht834.jpg,False,False,1,14,0,15
52844479.0,ht835.jpg,False,False,3,12,0,15
52844480.0,ht836.jpg,False,False,7,7,1,14
52844481.0,ht837.jpg,False,False,3,12,0,15
52844483.0,ht838.jpg,False,False,2,13,0,15
52844484.0,ht839.jpg,False,False,0,15,0,15
52844486.0,ht840.jpg,False,False,1,14,0,15
52844488.0,ht841.jpg,False,False,5,10,0,15
52844489.0,ht842.jpg,False,False,7,8,0,15
52844490.0,ht843.jpg,False,False,0,15,0,15
52844492.0,ht844.jpg,False,False,3,10,2,13
52844493.0,ht845.jpg,False,False,2,13,0,15
52844495.0,ht846.jpg,False,False,0,15,0,15
52844496.0,ht847.jpg,False,False,2,13,0,15
52844498.0,ht848.jpg,False,False,0,14,1,14
52844499.0,ht849.jpg,False,False,3,12,0,15
52844500.0,ht850.jpg,False,False,3,11,1,14
52844502.0,ht851.jpg,False,False,2,10,3,12
52844503.0,ht852.jpg,False,False,1,14,0,15
52844505.0,ht853.jpg,False,False,3,11,1,14
52844506.0,ht854.jpg,False,False,0,15,0,15
52844507.0,ht855.jpg,False,False,3,11,2,14
52844509.0,ht856.jpg,False,False,2,13,0,15
52844510.0,ht857.jpg,False,False,2,13,0,15
52844512.0,ht858.jpg,False,False,3,12,0,15
52844514.0,ht859.jpg,False,False,2,12,1,14
52844515.0,ht860.jpg,False,False,2,13,0,15
52844517.0,ht861.jpg,False,False,1,15,0,16
52844518.0,ht862.jpg,False,False,2,12,1,14
52844519.0,ht863.jpg,False,False,2,13,0,15
52844521.0,ht864.jpg,False,False,4,10,1,14
52844522.0,ht865.jpg,False,False,4,10,1,14
52844523.0,ht866.jpg,False,False,3,11,1,14
52844525.0,ht867.jpg,False,False,2,13,0,15
52844526.0,ht868.jpg,False,False,4,7,4,11
52844528.0,ht869.jpg,False,False,0,14,1,14
52844529.0,ht870.jpg,False,False,4,11,1,15
52844530.0,ht871.jpg,False,False,7,8,0,15
52844532.0,ht872.jpg,False,False,1,14,0,15
52844533.0,ht873.jpg,False,False,1,15,0,16
52844535.0,ht874.jpg,False,False,3,14,0,17
52844537.0,ht875.jpg,False,False,4,11,0,15
52844538.0,ht876.jpg,False,False,3,11,1,14
52844539.0,ht877.jpg,False,False,1,14,0,15
52844541.0,ht878.jpg,False,False,2,12,1,14
52844542.0,ht879.jpg,False,False,1,14,0,15
52844544.0,ht880.jpg,False,False,4,10,1,14
52844545.0,ht881.jpg,False,False,2,14,3,16
52844546.0,ht882.jpg,False,False,12,5,2,17
52844547.0,ht883.jpg,False,False,2,14,0,16
52844549.0,ht884.jpg,False,False,1,17,2,18
52844550.0,ht885.jpg,False,False,6,12,1,18
52844552.0,ht886.jpg,False,False,0,17,3,17
52844553.0,ht887.jpg,False,False,3,14,2,17
52844555.0,ht888.jpg,False,False,0,17,2,17
52844556.0,ht889.jpg,False,False,9,9,1,18
52844558.0,ht890.jpg,False,False,5,8,4,13
52844559.0,ht891.jpg,False,False,1,16,3,17
52844561.0,ht892.jpg,False,False,3,14,1,17
52844562.0,ht893.jpg,False,False,5,11,0,16
52844564.0,ht894.jpg,False,False,1,16,2,17
52844565.0,ht895.jpg,False,False,5,10,2,15
52844567.0,ht896.jpg,False,False,2,18,0,20
52844569.0,ht897.jpg,False,False,7,9,2,16
52844570.0,ht898.jpg,False,False,0,16,0,16
52844571.0,ht899.jpg,False,False,10,8,3,18
52844573.0,ht900.jpg,False,False,6,7,2,13
52846920.0,ht901.jpg,False,False,6,10,3,16
52846922.0,ht902.jpg,False,False,7,13,0,20
52846925.0,ht903.jpg,False,False,2,16,1,18
52846927.0,ht904.jpg,False,False,0,18,0,18
52846929.0,ht905.jpg,False,False,4,14,0,18
52846931.0,ht906.jpg,False,False,4,14,0,18
52846933.0,ht907.jpg,False,False,0,14,1,14
52846934.0,ht908.jpg,False,False,2,17,0,19
52846936.0,ht909.jpg,False,False,1,16,1,17
52846937.0,ht910.jpg,False,False,0,16,2,16
52846939.0,ht911.jpg,False,False,3,15,1,18
52846940.0,ht912.jpg,False,False,3,19,1,22
52846941.0,ht913.jpg,False,False,7,14,1,21
52846942.0,ht914.jpg,False,False,3,13,3,16
52846943.0,ht915.jpg,False,False,0,19,2,19
52846944.0,ht916.jpg,False,False,9,11,1,20
52846945.0,ht917.jpg,False,False,2,20,3,22
52846946.0,ht918.jpg,False,False,2,14,1,16
52846947.0,ht919.jpg,False,False,0,16,3,16
52846948.0,ht920.jpg,False,False,1,15,2,16
52846949.0,ht921.jpg,False,False,1,14,2,15
52846950.0,ht922.jpg,False,False,2,16,1,18
52846951.0,ht923.jpg,False,False,1,15,1,16
52846952.0,ht924.jpg,False,False,1,15,3,16
52846954.0,ht925.jpg,False,False,1,16,3,17
52846955.0,ht926.jpg,False,False,2,16,1,18
52846957.0,ht927.jpg,False,False,1,14,3,15
52847037.0,ht984.jpg,False,False,0,15,0,15
52847039.0,ht985.jpg,False,False,1,14,0,15
52847040.0,ht986.jpg,False,False,3,12,1,15
52847042.0,ht987.jpg,False,False,2,12,1,14
52847043.0,ht988.jpg,False,False,3,12,0,15
52847045.0,ht989.jpg,False,False,0,15,0,15
52847046.0,ht990.jpg,False,False,5,9,1,14
52847048.0,ht991.jpg,False,False,0,15,0,15
52847049.0,ht992.jpg,False,False,10,5,0,15
52847051.0,ht993.jpg,False,False,7,7,2,14
52847052.0,ht994.jpg,False,False,11,4,0,15
52847054.0,ht995.jpg,False,False,3,10,2,13
52847055.0,ht996.jpg,False,False,1,14,0,15
52847057.0,ht997.jpg,False,False,0,14,1,14
52847058.0,ht998.jpg,False,False,1,14,0,15
52842520.0,ht57.jpg,False,False,5,9,1,14
52842521.0,ht58.jpg,False,False,0,14,1,14
52842523.0,ht59.jpg,False,False,2,12,1,14
52842524.0,ht60.jpg,False,False,1,12,2,13
52842531.0,ht61.jpg,False,False,3,12,0,15
52842532.0,ht62.jpg,False,False,2,13,0,15
52842534.0,ht63.jpg,False,False,5,10,0,15
52842535.0,ht64.jpg,False,False,1,14,0,15
52842538.0,ht65.jpg,False,False,3,12,0,15
52842543.0,ht66.jpg,False,False,3,11,1,14
52842544.0,ht67.jpg,False,False,1,14,1,15
52842546.0,ht68.jpg,False,False,1,13,1,14
52842553.0,ht69.jpg,False,False,1,14,0,15
52842555.0,ht70.jpg,False,False,9,5,1,14
52842557.0,ht71.jpg,False,False,1,13,1,14
52842563.0,ht72.jpg,False,False,7,8,0,15
52842564.0,ht73.jpg,False,False,1,12,2,13
52842566.0,ht74.jpg,False,False,5,7,3,12
52842567.0,ht75.jpg,False,False,1,13,1,14
52842569.0,ht76.jpg,False,False,2,13,0,15
52842570.0,ht77.jpg,False,False,2,13,0,15
52842576.0,ht78.jpg,False,False,0,14,1,14
52842578.0,ht79.jpg,False,False,3,13,0,16
52842579.0,ht80.jpg,False,False,2,12,1,14
52842580.0,ht81.jpg,False,False,2,12,1,14
52842585.0,ht82.jpg,False,False,0,14,1,14
52842590.0,ht83.jpg,False,False,5,10,0,15
52842593.0,ht84.jpg,False,False,5,10,0,15
52842596.0,ht85.jpg,False,False,2,13,0,15
52842599.0,ht86.jpg,False,False,8,7,0,15
52842600.0,ht87.jpg,False,False,1,13,1,14
52842602.0,ht88.jpg,False,False,1,15,0,16
52842603.0,ht89.jpg,False,False,2,12,1,14
52842604.0,ht90.jpg,False,False,3,12,0,15
52842611.0,ht91.jpg,False,False,0,15,0,15
52842612.0,ht92.jpg,False,False,0,14,1,14
52842613.0,ht93.jpg,False,False,2,14,0,16
52842615.0,ht94.jpg,False,False,0,14,1,14
52842616.0,ht95.jpg,False,False,0,15,0,15
52842619.0,ht96.jpg,False,False,11,4,0,15
52842624.0,ht97.jpg,False,False,3,12,0,15
52842625.0,ht98.jpg,False,False,1,13,1,14
52842627.0,ht99.jpg,False,False,4,11,1,15
52842628.0,ht100.jpg,False,False,7,7,2,14
52842797.0,ht101.jpg,False,False,4,11,0,15
52842805.0,ht102.jpg,False,False,3,12,0,15
52842813.0,ht103.jpg,False,False,9,6,0,15
52842820.0,ht104.jpg,False,False,3,12,1,15
52842822.0,ht105.jpg,False,False,2,12,1,14
52842824.0,ht106.jpg,False,False,7,7,1,14
52842831.0,ht107.jpg,False,False,6,8,1,14
52842832.0,ht108.jpg,False,False,3,12,0,15
52842833.0,ht109.jpg,False,False,0,15,0,15
52842835.0,ht110.jpg,False,False,0,15,0,15
52842841.0,ht111.jpg,False,False,1,14,0,15
52842842.0,ht112.jpg,False,False,11,4,0,15
52842844.0,ht113.jpg,False,False,6,6,3,12
52842845.0,ht114.jpg,False,False,10,3,2,13
52842846.0,ht115.jpg,False,False,4,10,1,14
52842853.0,ht116.jpg,False,False,6,9,0,15
52842854.0,ht117.jpg,False,False,14,2,0,16
52842856.0,ht118.jpg,False,False,3,11,1,14
52842857.0,ht119.jpg,False,False,6,6,3,12
52842858.0,ht120.jpg,False,False,7,7,1,14
52842860.0,ht121.jpg,False,False,0,14,1,14
52842866.0,ht122.jpg,False,False,9,5,1,14
52842868.0,ht123.jpg,False,False,2,13,0,15
52842875.0,ht124.jpg,False,False,13,1,1,14
52842876.0,ht125.jpg,False,False,5,9,1,14
52842877.0,ht126.jpg,False,False,5,10,0,15
52842879.0,ht127.jpg,False,False,3,12,0,15
52842880.0,ht128.jpg,False,False,5,10,0,15
52842885.0,ht129.jpg,False,False,3,12,0,15
52842890.0,ht130.jpg,False,False,5,9,1,14
52842891.0,ht131.jpg,False,False,7,7,1,14
52842893.0,ht132.jpg,False,False,3,12,0,15
52842898.0,ht133.jpg,False,False,2,12,1,14
52842900.0,ht134.jpg,False,False,1,14,0,15
52842902.0,ht135.jpg,False,False,3,12,0,15
52842903.0,ht136.jpg,False,False,5,10,0,15
52842904.0,ht137.jpg,False,False,2,13,0,15
52842910.0,ht138.jpg,False,False,3,13,0,16
52842912.0,ht139.jpg,False,False,6,9,0,15
52842913.0,ht140.jpg,False,False,11,3,1,14
52842915.0,ht141.jpg,False,False,1,14,0,15
52842916.0,ht142.jpg,False,False,1,14,0,15
52842918.0,ht143.jpg,False,False,0,13,2,13
52842924.0,ht144.jpg,False,False,3,12,0,15
52842925.0,ht145.jpg,False,False,1,13,1,14
52842926.0,ht146.jpg,False,False,3,12,0,15
52842928.0,ht147.jpg,False,False,7,8,0,15
52842930.0,ht148.jpg,False,False,6,9,0,15
52842936.0,ht149.jpg,False,False,0,15,0,15
52842937.0,ht150.jpg,False,False,5,10,0,15
52842938.0,ht151.jpg,False,False,11,2,2,13
52842940.0,ht152.jpg,False,False,3,12,0,15
52842941.0,ht153.jpg,False,False,0,15,0,15
52842949.0,ht154.jpg,False,False,4,10,1,14
52842956.0,ht155.jpg,False,False,7,8,0,15
52842957.0,ht156.jpg,False,False,0,15,0,15
52842961.0,ht157.jpg,False,False,13,2,0,15
52842966.0,ht158.jpg,False,False,7,7,1,14
52842968.0,ht159.jpg,False,False,4,11,0,15
52842971.0,ht160.jpg,False,False,4,9,2,13
52842976.0,ht161.jpg,False,False,1,14,0,15
52842977.0,ht162.jpg,False,False,0,16,0,16
52842979.0,ht163.jpg,False,False,8,6,1,14
52842981.0,ht164.jpg,False,False,3,12,0,15
52842985.0,ht165.jpg,False,False,6,9,0,15
52842988.0,ht166.jpg,False,False,5,8,2,13
52842989.0,ht167.jpg,False,False,6,9,0,15
52842992.0,ht168.jpg,False,False,1,14,0,15
52842999.0,ht169.jpg,False,False,0,15,0,15
52843000.0,ht170.jpg,False,False,0,14,1,14
52843001.0,ht171.jpg,False,False,4,11,0,15
52843003.0,ht172.jpg,False,False,6,8,1,14
52843004.0,ht173.jpg,False,False,0,11,4,11
52843011.0,ht174.jpg,False,False,4,10,1,14
52843013.0,ht175.jpg,False,False,4,11,0,15
52843014.0,ht176.jpg,False,False,2,13,0,15
52843016.0,ht177.jpg,False,False,1,14,0,15
52843021.0,ht178.jpg,False,False,3,10,2,13
52843023.0,ht179.jpg,False,False,12,2,1,14
52843024.0,ht180.jpg,False,False,11,3,1,14
52843026.0,ht181.jpg,False,False,3,9,3,12
52843027.0,ht182.jpg,False,False,3,12,0,15
52843029.0,ht183.jpg,False,False,4,10,1,14
52843033.0,ht184.jpg,False,False,1,13,1,14
52843037.0,ht185.jpg,False,False,5,9,1,14
52843038.0,ht186.jpg,False,False,0,14,1,14
52843039.0,ht187.jpg,False,False,5,10,0,15
52843041.0,ht188.jpg,False,False,2,13,0,15
52843042.0,ht189.jpg,False,False,0,14,1,14
52843047.0,ht190.jpg,False,False,1,14,0,15
52843050.0,ht191.jpg,False,False,7,7,1,14
52843052.0,ht192.jpg,False,False,9,5,1,14
52843053.0,ht193.jpg,False,False,4,11,0,15
52843056.0,ht194.jpg,False,False,8,6,1,14
52843061.0,ht195.jpg,False,False,0,15,0,15
52843063.0,ht196.jpg,False,False,8,7,0,15
52843064.0,ht197.jpg,False,False,4,9,2,13
52843065.0,ht198.jpg,False,False,6,7,2,13
52843069.0,ht199.jpg,False,False,0,15,0,15
52843073.0,ht200.jpg,False,False,5,10,0,15
52843075.0,ht201.jpg,False,False,4,11,0,15
52843087.0,ht202.jpg,False,False,10,5,0,15
52843092.0,ht203.jpg,False,False,1,14,0,15
52843099.0,ht204.jpg,False,False,4,13,1,17
52843106.0,ht205.jpg,False,False,4,11,0,15
52843107.0,ht206.jpg,False,False,1,14,0,15
52843112.0,ht207.jpg,False,False,3,12,0,15
52843116.0,ht208.jpg,False,False,6,6,3,12
52842339.0,ht1.jpg,False,False,0,14,1,14
52842351.0,ht2.jpg,False,False,0,14,1,14
52842361.0,ht3.jpg,False,False,0,15,0,15
52842364.0,ht4.jpg,False,False,0,15,0,15
52842371.0,ht5.jpg,False,False,1,12,2,13
52842376.0,ht6.jpg,False,False,4,11,0,15
52842380.0,ht7.jpg,False,False,0,15,0,15
52842387.0,ht8.jpg,False,False,1,14,0,15
52842388.0,ht9.jpg,False,False,2,11,2,13
52842389.0,ht10.jpg,False,False,1,13,1,14
52842391.0,ht11.jpg,False,False,1,14,0,15
52842393.0,ht12.jpg,False,False,2,13,0,15
52842399.0,ht13.jpg,False,False,9,6,0,15
52842400.0,ht14.jpg,False,False,6,9,0,15
52842402.0,ht15.jpg,False,False,0,15,0,15
52842404.0,ht16.jpg,False,False,3,12,0,15
52842408.0,ht17.jpg,False,False,6,8,1,14
52842411.0,ht18.jpg,False,False,4,9,2,13
52842412.0,ht19.jpg,False,False,1,13,1,14
52842418.0,ht20.jpg,False,False,0,14,1,14
52842421.0,ht21.jpg,False,False,0,15,0,15
52842423.0,ht22.jpg,False,False,2,13,0,15
52842425.0,ht23.jpg,False,False,4,10,1,14
52842428.0,ht24.jpg,False,False,0,15,0,15
52842432.0,ht25.jpg,False,False,3,12,0,15
52842434.0,ht26.jpg,False,False,1,15,0,16
52842435.0,ht27.jpg,False,False,0,15,0,15
52842441.0,ht28.jpg,False,False,1,13,1,14
52842443.0,ht29.jpg,False,False,0,14,1,14
52842444.0,ht30.jpg,False,False,0,13,2,13
52842446.0,ht31.jpg,False,False,0,15,0,15
52842451.0,ht32.jpg,False,False,0,15,0,15
52842454.0,ht33.jpg,False,False,1,13,1,14
52842455.0,ht34.jpg,False,False,2,12,1,14
52842457.0,ht35.jpg,False,False,2,13,0,15
52842464.0,ht36.jpg,False,False,2,13,0,15
52842465.0,ht37.jpg,False,False,0,15,0,15
52842467.0,ht38.jpg,False,False,3,11,1,14
52842469.0,ht39.jpg,False,False,2,12,2,14
52842475.0,ht40.jpg,False,False,1,13,1,14
52842477.0,ht41.jpg,False,False,1,14,0,15
52842484.0,ht42.jpg,False,False,2,13,0,15
52842485.0,ht43.jpg,False,False,9,7,0,16
52842487.0,ht44.jpg,False,False,2,13,0,15
52842488.0,ht45.jpg,False,False,2,12,1,14
52842493.0,ht46.jpg,False,False,0,15,0,15
52842496.0,ht47.jpg,False,False,0,15,0,15
52842498.0,ht48.jpg,False,False,9,6,1,15
52842499.0,ht49.jpg,False,False,0,15,0,15
52842501.0,ht50.jpg,False,False,2,13,0,15
52842507.0,ht51.jpg,False,False,2,12,1,14
52842508.0,ht52.jpg,False,False,8,7,0,15
52842510.0,ht53.jpg,False,False,2,12,1,14
52842511.0,ht54.jpg,False,False,1,14,0,15
52842512.0,ht55.jpg,False,False,2,13,0,15
52842519.0,ht56.jpg,False,False,2,13,0,15
52847470.0,ht1070.jpg,False,False,6,7,2,13
52847471.0,ht1071.jpg,False,False,6,8,1,14
52847473.0,ht1072.jpg,False,False,7,8,0,15
52847474.0,ht1073.jpg,False,False,0,15,0,15
52847476.0,ht1074.jpg,False,False,4,11,0,15
52847477.0,ht1075.jpg,False,False,1,13,1,14
